idx,m,a,b,n1,n2,n3,invert,vsplit,hsplit,periodicity,pixel_error,attempts
0,5,0.9252920952404048,0.3702631623762947,1.4633983004052769,0.9124686317526872,2.469799018605442,0,0,0,230,0.0,1
1,11,0.4277894162781668,0.8664445301545485,4.063806590775527,5.736255144285062,5.3421506526981375,1,0,0,300,0.0,1
2,9,0.9586182638806484,0.6106423095911732,2.7720154979322453,2.844410581413076,4.204232337149487,0,1,0,250,0.0,1
3,3,0.378140960548136,0.4084594003242971,4.668616765700503,1.6250941634149487,1.2493862775880251,1,0,1,220,0.0,1
4,2,0.6809295627011854,0.7382580386245149,4.664306291786109,0.3866556014499009,2.1318652770434148,0,1,0,280,0.0,6
5,7,0.8879565342046226,0.6355216206590484,2.346382942637822,4.407342854239022,4.904096720293759,1,0,1,250,0.0,1
6,10,0.6017811670174213,0.7612463616557377,3.5084094640610592,4.776386951772694,4.038857434603282,0,0,0,200,0.0,1
7,5,0.3403608902029972,1.038313392388354,0.6253337941849667,3.068668218115085,0.3536209401660544,1,0,0,270,0.0,1
8,4,0.972493491558252,0.6362658791946193,1.9119055181979547,5.399027465901747,0.3023994088922069,0,1,0,210,0.0,1
9,10,0.962951760298516,0.6779055943018766,5.333709270956176,1.9760625063828945,3.476757226700569,1,0,1,260,0.0,2
10,7,0.5962385332819629,0.7278297344836202,0.8694245122351034,1.1421344602140968,5.8577436059739085,0,0,0,290,0.0,2
11,2,0.6640753423419409,0.9021502175658868,3.67897843145894,1.9491974460728805,2.1982709157980627,1,0,0,230,0.0,1
12,4,0.7917059903759504,0.4356240093402045,4.514558168172504,3.9170909228267177,1.4331511174433,0,0,0,270,0.0,2
13,8,0.4265678239857469,1.0883908689409334,1.0276626140334078,0.6206905777590055,4.724566668523755,1,0,0,210,0.0,1
14,11,0.9611361933005768,0.3318117853840105,5.248678517715691,3.020614834176247,4.54126824320042,0,1,0,240,0.0,1
15,6,0.441892650097854,0.7058047211690192,2.850580904420113,5.13460153089439,2.0470923045133387,1,0,1,290,0.0,1
16,6,0.6460414786496154,0.4171955224945461,3.4867785973388954,2.0774036396578213,4.194016705343931,1,1,1,250,0.0,1
17,11,0.354934618391342,0.4154744446149577,0.3819498220744364,3.406893247944179,1.4122409525870707,0,0,0,280,0.0,1
18,8,1.1149327629098935,0.7730691163142405,4.973631431416151,4.219004418098134,1.924958796197376,1,0,0,270,0.0,1
19,3,1.1371901678327836,1.133604780025876,2.152976449965613,1.753954927120879,4.754121532152876,0,0,0,200,0.0,2
20,1,0.7443628134492816,0.984496882464538,2.61194395303373,2.937993498315842,3.467657932996927,1,0,0,300,0.0,1
21,8,0.3960960408558414,0.817441652384651,4.373339676759895,3.448591031591727,3.710975308873063,0,0,0,230,0.0,1
22,11,1.0109030284417326,0.9781173247363806,1.7320060803337236,4.238657519492407,3.0679616519138744,1,1,1,220,0.0,1
23,4,0.628616517589658,0.312188253058097,3.735428391912068,0.6667681647242474,5.597711290737256,0,0,0,250,0.0,2
24,5,0.606348040222615,0.6786596231974418,5.307075248959338,3.8308296965513806,5.151300618319661,1,0,0,200,0.0,1
25,9,1.03115380436382,0.4695566331775176,3.098292757543004,1.031466528325652,2.2482334015458623,0,0,0,270,0.0,1
26,7,0.8875793370289354,0.5468446076276222,4.339292344822612,2.056113861552894,0.9539619588919104,1,1,1,290,0.0,1
27,2,0.6499211296138548,0.7458325463735466,1.2536329466380864,5.566343646782147,3.890930161960498,0,0,0,240,0.0,1
28,2,0.8799049511832534,0.3157164713393663,0.2648727565912072,5.467719710736758,4.727915153785269,1,1,1,260,0.0,1
29,9,0.8712079655857601,1.04494667592501,3.7442716822008415,2.5751285220810565,3.057980238082727,0,0,0,210,0.0,3
30,12,0.87276214426779,0.6833864592446585,1.8405272346844748,0.7761934251395031,0.7072017871156653,1,0,0,230,0.0,1
31,6,0.3388644061969563,1.0381670491776065,5.435643736228216,4.114009090819269,3.20701468857168,0,0,0,300,0.0,1
32,6,0.8061471244521106,0.638604312365632,3.8825186678834,2.7240265520210003,3.862051314012816,1,0,0,220,0.0,5
33,12,0.8465830632675647,0.9368657394545212,1.542754826223809,4.887167536514578,1.057583388313912,0,0,1,300,0.0,1
34,9,0.6683491465333131,0.8929236591068072,5.333299800603263,4.25771723197407,2.358605614134576,1,0,0,260,0.0,1
35,3,1.1533243266337945,0.5341927909146396,2.594825111234546,0.2993633923108791,5.081802337976468,0,1,0,220,0.0,6
36,2,0.6852272901767709,0.3329936133701256,2.159988516945574,0.8844274137287393,3.8126803496701447,1,0,0,280,0.0,1
37,7,0.2888220094528265,0.7441159097514938,4.567844645187707,3.1284561910124413,0.6889490768585644,0,1,0,240,0.0,1
38,10,0.977926168574706,0.5186823314303493,0.2799755728061757,4.09324346098671,2.9171693341149134,1,0,0,200,0.0,5
39,5,0.6981043880219139,1.0810528973760667,3.7474855661772266,1.8520288726879928,5.667315968426269,0,0,1,280,0.0,3
40,4,1.0085152396411048,0.8021815550670849,5.007837702118116,5.54858318703765,4.273807513328949,1,0,0,210,0.0,1
41,10,0.4499629423154413,1.0362831000193382,1.7663452054848043,2.6463289798501024,1.1025275613524237,0,1,0,260,0.0,2
42,8,1.0817580734524863,0.5056385975133173,1.9020194546575675,1.3450105524473637,1.4302038028679862,1,0,0,300,0.0,1
43,2,0.3843139179418202,0.5670904795013884,0.6414987595682498,4.159194784455248,4.529052747607447,0,0,1,230,0.0,2
44,3,0.821266021957469,0.989217096191921,1.1493653685219272,3.541285070397288,5.753277883252652,1,0,0,270,0.0,4
45,8,0.8789347243030021,0.7974238128400083,5.049928347329441,0.4058159592415847,3.507705306357302,0,0,1,200,0.0,1
46,11,0.986686423685933,0.9672845081050436,2.9369420390816923,2.2752448125435945,0.4306711630602121,1,0,0,240,0.0,1
47,6,0.5799669837311991,1.0837877009565715,5.0343299739534935,4.994075578138242,3.470186383026268,0,1,0,290,0.0,1
48,6,1.1575855360732896,1.0406000037763858,0.3986181552122345,0.4544215640396838,3.07877706453311,0,0,0,250,0.0,10
49,11,0.5546098440430851,0.8726265956095345,3.773192476870421,4.507685339865928,5.863252701653887,1,1,0,280,0.0,6
50,8,0.9717417207780402,0.739432930629008,2.7673523563863967,4.171101025646624,3.850070888809448,0,0,1,270,0.0,1
51,4,0.6138290737505924,0.8276452679767259,4.626611041050253,2.986784452260564,0.3568068613263861,1,0,0,200,0.0,4
52,1,0.7395710198571769,0.5617358325906912,5.232566195582876,1.0923304702533954,1.8277934145104813,0,0,1,300,0.0,1
53,7,0.5506895355407678,0.9063778340067444,2.352544592392782,5.922859776163168,4.809940409354524,1,0,0,230,0.0,2
54,10,0.5622695142591675,0.3660485664658234,4.415218581316739,3.313822810566309,4.553296312401072,0,0,0,220,0.0,3
55,4,0.5470728355357621,0.918485829885403,1.4631020345892436,1.284992885789144,1.1998766837325443,1,1,0,250,0.0,4
56,5,1.10902780238883,0.34204007045457,2.592704822822346,3.7339500013544695,0.9026395438265142,0,0,1,210,0.0,1
57,10,0.7569848091236814,0.7895170254321223,5.243340102347185,1.0327814182380788,3.5599516059228,1,0,0,270,0.0,2
58,7,0.6757869223017705,0.4559956409436774,1.0209249104650684,2.8543242328194376,5.491591274370915,0,0,0,290,0.0,1
59,2,0.2546246866638923,1.0312732714062325,4.415129172129479,4.889330813851572,2.570818960339641,1,1,0,240,0.0,4
60,2,0.7215365644592228,0.756140613881347,3.3450713066831863,5.558759058052503,1.1622783227525086,0,0,0,260,0.0,2
61,9,0.8793325646454001,0.4908704553040809,0.8628226592493231,2.202023623045918,4.20466070436259,1,1,0,210,0.0,4
62,12,0.9669454946347004,1.05878813818187,5.18236720092692,1.0583682050890115,5.011475744551153,0,0,1,230,0.0,4
63,5,0.7678646497897704,0.8826273823926107,2.1955232767922594,3.8087814257496864,2.29785631719977,1,0,0,290,0.0,2
64,5,0.8534841349709934,0.4363767832364557,5.245850886839004,4.408191627533804,1.505173407897201,1,0,0,230,0.0,2
65,12,0.8984896336091793,0.9315588939124434,2.778185662298492,2.794484257957748,4.211309436924298,0,0,0,300,0.0,1
66,9,0.9076424963361668,0.883390012201607,5.113576148059241,0.3911782491692758,4.762541341827649,1,1,1,260,0.0,1
67,2,0.5123501694224436,1.1586206888541752,0.9938584740570934,4.58818039188638,2.002271122733171,0,0,0,210,0.0,1
68,2,0.7808318117125209,0.665960724101456,0.7012130039074641,3.1424316572465223,0.258659270757952,1,1,1,290,0.0,1
69,7,0.3371239049062078,1.0387303501510878,3.2545177244895407,1.5261647461069998,3.0095845440619704,0,0,0,240,0.0,1
70,10,0.8922601657684347,0.3798364441088947,1.843675506298044,1.8944942009561416,5.876502893135343,1,0,0,210,0.0,4
71,5,0.7163945122818304,0.8053949772822506,5.005534294185063,5.727486417407877,2.9222836019429925,0,0,0,270,0.0,1
72,4,0.8557717987992778,0.4070347494966868,3.5990148637459143,2.290696884489196,2.171888817599319,1,1,1,220,0.0,1
73,10,0.3704497094887465,0.918919602481836,0.4569005616480006,5.163171873748482,4.931482905826395,0,0,0,260,0.0,2
74,7,1.0135983278674077,0.5089301349587172,4.556927320328637,4.319846722408875,4.017230403473748,1,0,0,300,0.0,1
75,2,1.194875628982581,1.0017446788201911,5.707662995500527,1.8977413320773957,1.6759214153639437,0,0,0,220,0.0002,3
76,4,0.7654530018082115,0.7004406720388137,3.664829118795465,1.0046143063011717,2.525872473109822,1,0,0,280,0.0,1
77,8,1.0066725228820097,0.3933259788781595,5.260352183386271,3.4265792794584886,4.853574477345241,0,0,0,200,0.0,1
78,11,0.8084514002860319,0.923812353558824,1.284796328423516,5.274688611281591,3.718162819913802,1,1,1,240,0.0,1
79,6,0.4380959206693168,0.7930020653457762,4.379157255720142,2.347529062917998,1.060474419514166,0,0,0,280,0.0,1
80,6,0.9353437859408056,0.9117018436496316,1.738621442007367,4.460489980637716,5.538633805825071,0,1,0,240,0.0,1
81,11,0.6592890454497725,0.4961635009247483,4.012618769936613,0.958037577507652,2.4543058929715835,1,0,1,290,0.0,2
82,8,0.937040988422779,0.9673797999200906,0.6181557649094301,2.964096736912663,0.6531240139590501,0,0,0,270,0.0,1
83,3,0.6651414443224513,0.6126409656295402,3.483540512256325,4.695799822118988,3.500538023828461,1,0,0,210,0.0,1
84,2,1.0729911946210082,0.2627303317528636,4.465402727887718,4.237032039984108,5.474669222301586,0,0,0,290,0.0,1
85,8,0.530924574018581,1.0548024154451174,1.5854597445037963,1.7481663230925566,2.814802271393404,1,0,0,230,0.0,1
86,10,0.9013491147467592,0.6078981017839376,5.350291493298124,1.3887095650074168,0.9948547728525824,0,1,0,210,0.0,1
87,4,0.3158960672428498,0.9344192459628812,2.8792408174177915,3.352195434762017,3.6204108739165535,1,0,1,260,0.0,6
88,4,1.0092465720020245,0.6119177093352783,2.0171597493063835,0.7804840244941552,3.617504721928046,0,0,0,200,0.0,2
89,9,0.6873798706270529,0.960824779912325,3.7248935522389615,3.773037641449712,0.534269343526013,1,0,0,270,0.0,4
90,7,0.9675810290525472,0.5090874494128785,2.987435397123725,2.8430232130105124,3.461381862264356,0,1,0,280,0.0,1
91,2,0.392433405366409,0.946842433655175,5.936388131897208,2.7657279768395133,5.482815858034742,1,0,1,250,0.0,1
92,3,0.719285235769045,0.7278447906365326,5.258189983982788,3.658993633398503,1.7708873583792433,0,1,0,250,0.0,2
93,9,0.3161521192745751,1.0595587760977705,1.9007612942623648,5.094810562778489,2.644570868143796,1,0,1,220,0.0,1
94,6,0.9212318074981332,0.9211482952255028,0.2495120387769093,1.770931123637833,1.7706362524018886,0,0,0,230,0.0,1
95,6,0.9328841323049784,0.4010588226157341,0.3531098394226791,1.5936712306587215,4.8834925508004,1,0,0,300,0.0,3
96,6,1.020263676394382,0.6731829540722445,3.066202739553602,5.69360190214969,5.727056754577357,0,0,1,240,0.0,1
97,12,0.262890105741399,1.1582993019540748,5.161203890199608,1.9923404729693528,1.4350036378890496,1,0,0,290,0.0,3
98,9,1.1263517639745482,0.4179387016263845,1.20498170842571,1.6358385333739465,0.4053899976802571,0,0,0,260,0.0,3
99,3,0.7584195847735662,1.0549414278309133,4.319898888794373,3.220684938178165,3.229908104292967,1,1,0,220,0.0,1
100,2,0.8369049402487614,0.8121191688668419,3.414401001480967,4.470973431416846,4.680465276128391,0,0,0,280,0.0,1
101,7,0.3414437322585675,0.5597382999776316,0.7324670329555278,0.3584776127169123,1.840440608018076,1,1,0,240,0.0,2
102,9,0.8077240643730433,1.0098769126037128,4.4633939680077415,2.682980025456456,1.7874027122233669,0,0,1,210,0.0,1
103,5,0.9674528203152756,0.751662959010059,1.7764761726917122,4.769899908097233,4.496322896608832,1,0,0,260,0.0,1
104,4,0.9113517864567344,0.7713066131280736,0.3710466209222934,2.5924943589896627,3.495287214392079,0,0,0,220,0.0,1
105,11,0.5026698833254815,0.5865008288949557,3.435456445459593,5.06918422187733,0.981062935237444,1,1,0,250,0.0,2
106,8,0.8643504218635387,0.9317072016836122,3.105100742205644,4.0279932347623655,3.0180174171506864,0,0,1,300,0.0,1
107,1,0.7504766147430653,0.8200516128773054,5.260498305391504,1.4970235654659272,4.952450952501802,1,0,0,230,0.0,1
108,3,1.0106610173908583,0.3830175799566092,5.349753627102998,1.1161978884645478,3.715284265899224,0,0,1,270,0.0,4
109,8,0.4775352757241191,0.9820710571516872,2.49513057925446,3.807018515167208,2.85958412407194,1,0,0,200,0.0,1
110,11,1.076240198770302,0.5735102558736004,4.1649208870567405,1.9483797708239976,2.881929548258561,0,0,0,250,0.0,1
111,6,0.3760675758371294,0.8031024733642524,1.6583404335864118,2.587433785259516,3.8289515989078176,1,1,0,280,0.0,1
112,6,1.1263099658477536,0.4848979314626497,4.783815872251517,3.146799849471173,1.164696389595565,1,0,0,240,0.0,2
113,11,0.6380644255191676,0.9441802768449902,1.9061292263084644,1.4584408373707165,4.030220012894342,0,1,0,290,0.0,1
114,8,1.0449754813397194,0.7609981767930729,2.7363550353416635,2.2566395330627724,4.40740425097141,1,0,0,270,0.0,1
115,3,0.489061522865963,1.05956032659289,0.6035115313653949,5.486668914546856,1.6480076682089673,0,0,1,200,0.0,1
116,1,0.958987901525632,1.0003865837908972,1.1679527958893738,4.734192077140023,0.7893922037500506,1,0,0,300,0.0,1
117,7,0.9981332579013682,1.0015400933679115,4.788902543155805,3.238328407362004,3.600993006512794,0,0,1,230,0.0,2
118,10,0.8794108971840066,1.082664528206447,2.7347075705739967,0.5159575520050551,5.294245621310099,1,0,0,210,0.0,2
119,4,0.6477321030019031,0.7186095096220854,4.063425799734087,3.7557700755265966,2.3704231317562066,0,1,0,260,0.0,1
120,5,0.3399127947424129,0.8038330405831084,4.924900193479594,0.9304663293640446,1.7296937310522849,1,0,0,200,0.0,1
121,10,0.6026230889908767,0.8413853519623713,1.4062616037718407,3.765771361773073,4.869048445859402,0,0,1,280,0.0,1
122,7,1.1093101419447204,0.8248358361661453,5.85988145682607,5.553604781523974,4.331087421120351,1,0,0,280,0.0,2
123,2,1.0462568617327803,0.8849314497480264,3.1499581396033403,2.019572380260526,1.2764443269471772,0,1,0,250,0.0,3
124,3,0.7705144895136844,0.4435226775684304,2.2128066270929705,2.270505822700788,2.9886154565130254,1,0,0,250,0.0,2
125,9,0.3717771829481686,0.6940158634604765,4.620010504121104,5.129290720791434,5.855264683206194,0,1,0,220,0.0,1
126,11,1.0740303742053463,0.3585069531844974,0.4203253406348384,5.186381352412364,2.890739176573589,1,0,0,220,0.0,6
127,5,0.2579466321574783,0.9601880302880956,3.6881354185251833,0.7615008489509085,0.3350229790983685,0,0,1,300,0.0,6
128,5,0.8046842566313145,0.5123393943553163,0.8791193502387086,4.467260744803731,5.089328877289495,1,0,0,260,0.0,1
129,11,0.6848522816995836,0.9296476089605604,3.373155491968878,0.3474271321193956,2.3848998451905485,0,0,0,210,0.0,4
130,9,1.051557603402825,0.4891096035652832,2.0189238887986565,2.8260886292601377,1.0275547746713776,1,1,0,240,0.0,5
131,3,0.3531036787754602,0.6897007510452381,5.152044708122824,5.093396795782355,3.767679612699616,0,0,1,290,0.0,1
132,2,0.5769981272691477,0.6980295334926679,5.382821685181293,5.677545705286143,5.509511672307792,1,1,0,210,0.0,1
133,7,0.4713162843103353,0.898059528874685,4.06837622060203,1.857250316697152,3.5629004692764106,0,0,1,260,0.0,1
134,10,0.967668431001068,0.5581725765416294,4.397520931951512,1.536926163204946,0.6496397316759555,1,0,0,290,0.0,1
135,5,0.8181336398544687,0.726544567238986,1.017964840384196,3.182941828589222,3.548439254030707,0,0,0,240,0.0,1
136,4,0.6411768763257669,0.6438826062291827,3.158433462857876,1.0265981352432456,4.482573777692798,1,1,0,300,0.0,1
137,10,0.5680473244751495,0.9768048988954344,5.582861538506967,3.906628556308332,1.9688991824033744,0,0,1,230,0.0,3
138,7,1.1342834900468317,1.119363040295912,2.6619789591133443,4.221055404729436,3.37668200664588,1,0,0,220,0.0004,3
139,1,0.8031899219115519,0.541733538183366,4.464563081405692,2.802585236520112,4.521729074565823,0,0,0,250,0.0,1
140,3,1.0471756857298633,0.3002310066653664,3.604862945620184,2.08429277159526,3.535483444356616,1,0,0,250,0.0,1
141,8,0.5456758944538318,0.4929879443073831,0.5532327187631093,5.659063599593264,0.432584033396547,0,0,0,280,0.0,1
142,11,1.186276887708998,1.050641240883014,4.211090633126956,3.674344904964068,2.5648327093646897,1,1,0,270,0.0,2
143,6,0.43407794763734,1.1703819824760615,2.3227638099417707,1.2562996112960152,5.131487796333359,0,0,1,200,0.0,5
144,6,0.9502350459177152,1.1152369004972549,4.538687433498335,4.812853868183736,0.353146294867032,0,1,1,270,0.0,3
145,11,0.3336275094098317,0.890855539670504,1.322714429436957,3.129845166177627,1.0564740642304673,1,0,0,200,0.0,1
146,8,0.59311955618136,0.4921423742740309,5.02457702988695,0.4613419742573597,5.7384858167347685,0,0,0,240,0.0,5
147,3,0.4422349433353551,0.7971767709439778,3.1020861470522285,4.4306231994273295,2.8660126487928577,1,0,0,290,0.0,1
148,2,1.0741254615766909,0.8673083126100853,4.284024475988246,2.0841625304231344,1.367770410397558,0,0,0,210,0.0,3
149,8,0.6222444123010076,0.3510432520920991,5.196970651577965,1.1875474450380326,4.327325645289223,1,0,0,260,0.0,1
150,11,0.5310784674878964,0.9202721756940576,0.6956938878914912,1.685062221476807,4.950688131895237,0,1,1,300,0.0,3
151,4,0.4352729175171589,1.015405343348329,3.367534579698876,5.920168100837925,2.693519251542413,1,0,0,230,0.0,1
152,5,1.0219969024083035,0.8826796263120552,5.652171805899933,2.898131203170604,2.5546847770642187,0,0,0,280,0.0,1
153,9,0.7520243566939633,0.8931614443562851,2.126068592559303,5.023931171561559,5.295430776255329,1,0,0,250,0.0,1
154,7,1.0790648501927975,1.0042069369048698,3.6930301186673473,3.993617683700201,3.653794035819772,0,1,1,200,0.0,1
155,2,1.1453957925780691,0.892645696025629,0.3623324880182778,0.87371518967918,0.90822439919317,1,0,0,270,0.0,2
156,3,0.4251217679923921,0.4117196220347092,1.8347302259157845,0.871435769161227,2.054077172680398,0,1,1,230,0.0,4
157,9,0.4474500218002609,1.125636423209473,3.894999425443448,3.6963854938337306,4.685888695440254,1,0,0,300,0.0,4
158,12,0.8003131349464837,0.3451992716964011,2.689728507688072,5.447602882043699,4.124382099883139,0,0,0,250,0.0,4
159,6,0.6351420412897806,0.7366810854622727,5.271315916298925,2.1574852982113586,1.1367131368335297,1,0,0,220,0.0,1
160,6,0.8497777973064462,1.1261584762414112,3.116117551309173,3.114419181199028,0.8057191140078412,0,0,0,260,0.0,1
161,12,0.9694507792708138,0.688352579843704,0.8745813874917575,2.175666842160052,4.141876487838177,1,0,1,210,0.0,1
162,9,0.9397507861873756,0.7349094007228043,4.897787954143982,1.992200364439139,5.173812499628739,0,0,0,230,0.0,1
163,3,0.891476192915403,0.9572559180060244,1.6796429621698552,5.561296226593537,2.417099989019574,1,1,0,300,0.0,2
164,2,1.0279038517368415,0.4637531016073518,2.929458000272785,4.730772330385705,1.2228090264496143,0,0,0,200,0.0,3
165,7,0.3987886519027405,0.9065242201834648,5.492842452849357,2.9344198646792123,3.5155866823207504,1,1,0,270,0.0,1
166,9,1.052074230840757,0.331789549684461,1.158027172528356,0.2879612872117028,4.933525195704176,0,0,0,290,0.0,4
167,4,0.3216034622896877,0.9497401246256768,4.198300383977463,4.506397078265424,1.899410449061521,1,0,1,240,0.0,1
168,4,1.1665748157719893,0.3296356048534486,5.5698781889287385,5.383194795200179,2.804526746803999,0,0,0,300,0.0,1
169,10,1.0596281921290156,1.1118135214598688,2.6166683122999475,3.5911319203372023,5.981353636836818,1,1,0,220,0.0,2
170,8,0.9737179580015856,0.973730866124618,3.4794920520471644,4.974619074776331,3.1318592943132444,0,0,0,220,0.0,2
171,2,0.3832772097439091,1.0475361423130574,1.6479950576458122,2.233220347031832,4.040764171663263,1,0,1,260,0.0,1
172,3,0.5972424262299085,0.7927065321857667,2.8081861870070393,1.2849420171975887,5.977538769163793,0,0,0,240,0.0212,3
173,8,0.5056616990599719,0.8786249665950103,3.6497828619408352,5.124556865514234,4.455733994748846,1,0,1,280,0.0,1
174,11,0.8855928144886039,0.8761964169698873,2.065274426360679,4.194773476496335,4.221805556221364,0,0,0,280,0.0,1
175,6,0.949011574453312,0.7127126416687989,4.892975415590405,0.630088949002331,1.4120507011151675,1,1,0,200,0.0,1
176,6,0.9958928792324684,0.7067863959095941,0.9447001374899676,5.866890290385062,4.672636610636689,1,0,0,270,0.0,1
177,11,1.0454974533296255,0.5777441942190553,4.58966919803947,1.719711318401144,1.7060789018214535,0,1,0,210,0.0,2
178,8,0.7100685163479973,0.7796758631679866,3.150990942452703,1.4343828118943072,1.3099140796826287,1,0,1,240,0.0,1
179,4,0.5077377135418139,1.0316129982481637,5.509721776242372,3.2386878842826694,5.015729403034117,0,0,0,290,0.0,1
180,1,0.9386340902791096,0.5286131631455631,4.154747954597273,3.77976640937013,5.348707312222971,1,0,1,210,0.0,6
181,8,0.7671277112084759,0.9301591825089208,1.9797765183781937,0.4467559197580495,2.8039069306382287,0,0,0,260,0.0,1
182,10,1.117698293885241,0.7526006714256404,3.2167908978490494,3.0909842276966897,0.5350647634086243,1,0,0,290,0.0,2
183,4,0.5578748897169583,0.9349862001336644,0.929235486902118,4.890300157226436,3.4325015285216183,0,1,0,230,0.0,1
184,5,0.8547189050352473,0.4731499128585965,2.29381691214123,2.2242808916529326,3.975667658048679,1,0,1,280,0.0,1
185,10,0.3292169870322095,0.6339426010578347,4.751838373480481,5.583397158615447,0.9433807385000256,0,0,0,250,0.0,4
186,7,1.1322140516341863,0.3995146274067553,0.4170062929608489,3.702749502369554,2.2002001647078804,1,0,0,200,0.0,1
187,2,0.694450714137439,0.8057074949567472,3.34589953617556,0.9731947838766596,5.168683640889694,0,1,0,270,0.0,1
188,3,0.7107055833245536,0.9714508742151796,4.65806615224454,0.717312601707364,3.5841500972737186,1,0,0,230,0.0,1
189,9,0.6258136797059418,0.5513851662942749,1.4239693348020714,4.1146530042819895,0.6048533078907213,0,1,0,300,0.0,1
190,12,0.7488943741263036,0.7997257583086588,5.414766346926205,4.881776848689009,2.668698500508541,1,0,1,250,0.0,1
191,5,0.8701093104134098,0.4702479097838158,2.3368269028271227,2.568357453487213,5.398179773544666,0,0,0,220,0.0,1
192,5,0.7046682186939464,0.8140021399405487,5.199401285698029,1.588613388720098,3.508514074715568,0,0,0,260,0.0,1
193,12,0.3811495909241446,1.0971753875943242,2.175471520716425,3.087770916908667,1.5750869206142408,1,0,0,220,0.0,1
194,9,1.0885811960514418,0.9640948130594518,3.865168511903386,5.693808047765104,2.8930478203225007,0,1,1,220,0.0,2
195,2,0.5648479187462913,0.7045509231691395,0.4142182871867443,1.863387833971896,5.748902306567548,1,0,0,300,0.0,1
196,2,0.881620525409851,0.3792758494407305,1.3736936738290333,2.4751910758023805,4.605542750715336,0,1,1,200,0.0,1
197,7,0.6946614946968978,0.9871728504735622,4.309299959904695,4.878976654500323,1.6433899920075483,1,0,0,280,0.0,1
198,10,0.7801144897083858,0.8132324610875391,4.8632800733263535,1.921693402544136,4.755355124153095,0,0,0,280,0.0,1
199,5,0.5954831528932372,1.0917899424027795,5.763918672413847,0.3988430874182738,4.390523588754003,1,0,0,240,0.0,1
200,4,0.6367739929220576,0.3819902132113044,3.156996197625952,4.004987441681601,4.338629510762269,0,1,1,300,0.0,1
201,10,0.3251356350354028,1.1705414886340226,1.7282498024900386,1.1661943009811648,2.332772495719461,1,0,0,230,0.0,1
202,7,0.978947849786072,0.7939426167368274,5.608818071361961,2.1878941955166216,0.5721240855627446,0,0,0,210,0.0,1
203,1,0.3459004356824569,1.0097289312916622,2.475832595557591,4.898775108053461,5.313787846110433,1,0,0,260,0.0,1
204,4,0.7145440080752029,0.9862426382173768,1.786555953275197,4.9038420278854415,5.102559685218994,0,0,0,240,0.0,1
205,8,0.4705640043262863,0.7809352212878644,4.6568925579553655,2.1964210171673155,3.025506841939905,1,0,0,290,0.0,1
206,11,0.7008857895390437,0.7207395208743149,0.7491259903872625,0.6481903825370396,1.1007036460113055,0,1,1,270,0.0,1
207,6,0.8216911675708048,0.3305648740915461,3.412940960721905,3.146781310133256,4.118298238078919,1,0,0,200,0.0,1
208,6,0.7869475395772708,1.0114640665185075,5.560376375098555,1.6497780368505237,2.1023204697190985,1,1,0,270,0.0,1
209,11,1.025066968400884,0.8945944814544061,5.724459170713336,5.8226023466634205,5.044631164557915,0,0,1,200,0.0,2
210,8,0.7255936605753678,0.772893950816359,1.4753921100460812,3.3160674866714746,4.152289055554926,1,0,0,250,0.0,1
211,3,0.7871763579497484,1.114537173025121,4.444520817502819,1.3710693228580115,0.9864848317365154,0,0,0,280,0.0,1
212,2,0.7138265405736464,0.6199297166699879,3.584234660169197,0.5903148921461993,2.45027466693216,1,0,0,220,0.0,1
213,8,0.2524318096247361,1.1181916838334676,0.4609209987643032,5.670095992567819,4.9946580366350055,0,0,0,250,0.0,1
214,10,1.1177108874410284,0.2539533357303134,5.101409705169775,2.524883398547584,3.847659256459239,1,1,0,300,0.0,1
215,4,0.6501792081866791,1.1371677171533223,1.7810390217923515,2.9494232244971257,0.7651263976816012,0,0,1,230,0.0,1
216,5,1.0826389272369374,0.9567366922370752,2.9019933232458466,4.365164858840069,5.361987037436151,1,0,0,290,0.005,3
217,10,0.6375212586341986,0.9166613399608856,2.132723049762285,2.1661794265774,2.1193762881670226,0,0,0,240,0.0,2
218,7,0.7875395673930818,0.683782840518186,1.7218890737832966,0.9872752347360496,4.939642067516139,1,1,0,210,0.0,1
219,2,0.5790634910833747,0.6716618443887519,4.513138774021438,3.773923782383745,1.2568092253751078,0,0,1,270,0.0,3
220,3,1.0559143303241163,0.6559214326598038,5.351834001043921,3.769792287444712,0.3870914892518555,1,1,0,230,0.0,1
221,9,0.9107343901400295,0.4442633742564058,2.9547244762422333,1.0216658925282367,3.034789213210193,0,0,1,290,0.0,1
222,12,0.8517548779098696,1.166183463329007,5.452745666494485,3.4173817808728986,4.53803948317418,1,0,0,260,0.0,1
223,6,0.4442443247947277,0.7184120976925847,1.1174280213274104,5.003076546066708,3.036586760022668,0,0,0,210,0.0,1
224,6,1.1130602302164845,0.4690000141398234,2.1206429336249446,1.1791394197471934,1.9580565216376409,1,0,1,250,0.0,2
225,12,0.541659997733935,0.8087808149687383,5.234961114035126,4.878168216488502,4.508447732785062,0,0,0,220,0.0,1
226,9,0.8119622446771346,0.4920302643809689,0.3028167970376836,4.843031733596718,4.296185190228711,1,0,0,230,0.0,1
227,3,0.3203172230604571,1.0195972675970917,3.586680515388057,2.739895001581397,2.477479346138337,0,1,0,300,0.0,1
228,2,0.9177288022127263,0.9338735622510124,5.018346123085228,1.780399515945593,3.168601893392822,1,0,0,200,0.0,1
229,7,0.9060160268109024,0.524496624858397,1.5804100497115248,5.651101127602473,5.833365024276641,0,1,0,270,0.0,3
230,9,0.7796400153980343,0.6532718561919628,3.547221324906213,3.603310959715252,2.151693411161271,1,0,1,280,0.0,1
231,5,0.6390367164062739,1.0842241277590945,2.7966138669130207,1.5042647123032762,0.2480855634247062,0,0,0,250,0.0,2
232,4,0.7413314325504302,0.6626122455779306,1.1377042206554422,4.000340100342882,1.2105130568324505,1,0,0,290,0.0,1
233,10,0.6506812930857225,0.7840215113275155,4.432699260395008,0.7700241138646045,4.052829419064254,0,1,0,240,0.0,4
234,8,0.6876808455476261,0.7444983015624254,3.260019003486839,2.546299470640468,5.180050624124844,1,0,1,210,0.0,1
235,1,0.9073911194716012,0.8910156443131141,5.777537547821833,4.999790789403646,2.388001831332464,0,0,0,260,0.0,1
236,3,0.9838811482866126,0.3570973189217262,5.096674804916073,5.351211929548546,0.7557338607558839,1,0,1,240,0.0,2
237,8,0.5851772911307607,0.8971125148189076,1.5518028168648397,2.4387594562966446,2.677605082604276,0,0,0,280,0.0,2
238,11,0.9715708604305632,0.4480247203565867,3.201289095376164,1.274366332266294,5.247638789284371,1,0,0,260,0.0,1
239,6,0.3727608014021875,0.650297339808801,1.031661295765142,4.158953692451875,1.920156044480827,0,1,0,210,0.0,1
240,6,1.051883500214053,0.9521568934314558,4.1985153172613074,4.2007795655596,2.266851555197622,0,0,0,280,0.0,2
241,11,0.4122515572656401,1.111963407228816,2.2669588603149964,4.2888470963341145,1.7800867051916829,1,1,0,200,0.0,1
242,9,0.8967023959843243,0.3085829676308408,4.344949905094311,0.8609420713401056,2.912429271602313,0,0,0,240,0.0,1
243,4,0.4093941955908747,0.8638037564473,1.3809264283293026,0.461392003117877,5.447171084891824,1,0,1,280,0.0,3
244,1,0.6862351724421336,0.7310802818297429,0.969602981063354,2.68893925582576,3.096094490039614,0,0,0,220,0.0,2
245,7,0.6346097881518643,0.8239728219153006,3.4738999153359567,3.409855149148956,1.0348107354882878,1,0,1,250,0.0,1
246,10,0.7574236924506738,0.5105609705718201,2.389644000856859,5.839622630663094,2.3991391546081524,0,0,0,300,0.0,1
247,4,0.7222095254212886,0.5554199955361084,3.790371906085413,1.360303186951052,4.826482860974547,1,1,0,220,0.0,1
248,5,1.0253599682155408,0.8811178002649939,2.968804322742733,4.824319241975654,5.473628486336854,0,0,0,290,0.0,1
249,10,0.9270227033758416,0.6001421050268311,1.8445154730021476,1.0892911509287144,4.54400493784566,1,0,1,240,0.0036,3
250,7,0.5991481782974566,0.6826327598652059,5.034336471265208,0.8942985163764089,0.460226736346133,0,0,0,200,0.0,3
251,2,0.7083470228181653,0.9243827416475178,1.9508547952083,3.786894845139732,3.3430116244019565,1,1,0,270,0.0,1
252,3,1.024590380719148,0.3211301854968054,3.0498842374492914,2.059120281313322,4.999370119090909,0,0,0,230,0.0,1
253,9,0.406596563333,0.9134544082163856,5.048741910080183,1.0405642022743395,1.7315074419331622,1,1,0,300,0.0,1
254,11,0.8794860114307893,0.3597641713889709,1.6160761255496328,2.3861595655033145,1.5680191556811405,0,0,0,260,0.0,3
255,5,0.4180443173364135,0.7440246644267277,4.294054356044537,5.402443516178603,4.483125836091468,1,0,1,210,0.0,1
256,5,1.0660855607550506,0.7529307261312002,2.6558318054851493,3.230091365690291,2.8507956734266107,0,0,1,200,0.0,1
257,11,0.9633688642434552,0.544460960142776,5.554835153161629,1.6648505673163811,5.559698412131578,1,1,0,270,0.0,1
258,9,0.4484251712124097,0.7326768777262705,1.5292738518382698,1.9001812348929763,3.152355033407465,0,0,0,280,0.0,1
259,3,0.3513313000210356,0.8986130977732126,3.86978330519171,5.710211631079337,0.634451555924456,1,0,0,250,0.0,6
260,2,1.0143353630619978,0.5469638587032681,3.4035023806996154,4.32553631658802,1.7142851540024409,0,0,0,250,0.0,2
261,7,0.5841781125088626,1.0009979014153614,0.3092952066977947,2.740467513512188,4.945011584111429,1,0,0,220,0.0,1
262,10,0.8800243744879475,0.6352476627220245,4.1406903248948925,0.3118398344092126,4.301381814904486,0,0,1,230,0.0,4
263,5,0.6897207044005784,1.1016571876203949,2.0631000015548726,4.439625206306053,1.398006050617122,1,1,0,300,0.0,1
264,4,0.9637388876883676,0.7884570034795899,0.7004881345156485,1.2632947787150264,0.6761963625305069,0,0,0,240,0.0,3
265,10,0.2547191612089095,1.0909549141532169,3.4078630917312056,3.508154638832881,3.2010196008563305,1,0,0,290,0.0,1
266,7,0.9118958144505872,0.2676953445088752,1.8702860563328307,3.488152290816484,5.712494581100308,0,0,1,270,0.0,1
267,1,0.5533044115589061,1.1321294480968764,3.965374640459393,1.717912955840062,3.3194089080204483,1,1,0,200,0.0,1
268,4,1.0421927307648808,1.054798999016024,4.390545830426917,2.367896021705551,1.1337929572609036,0,0,1,300,0.0,1
269,9,0.8170064225932245,0.676497495631618,2.9732639200669904,5.166350933569201,3.8734485602205457,1,1,0,230,0.0,1
270,11,0.9436692015714996,0.8732161401245446,4.4443791007258575,4.159886119672351,5.460477419016081,0,0,0,210,0.0,1
271,6,0.7845690879203225,0.4955878667193905,1.2673328765655258,0.8316533759642452,2.285480382221995,1,0,0,260,0.0,3
272,6,0.6995811177352124,0.9370476796119503,4.414101016770971,5.753921343084187,4.076169361581961,1,0,0,220,0.0,2
273,11,0.5311534806410743,1.032957383470244,2.421711059676384,1.7296922234550451,1.2016625132691665,0,0,0,250,0.0,6
274,8,0.62105425116367,0.639787277588926,3.363234445135063,1.4500367239880168,2.157291728450753,1,0,0,300,0.0,1
275,3,0.8207697703073423,0.3800266328336605,0.5872979726154794,3.1392308309588475,5.17481826861781,0,1,1,230,0.0,3
276,1,1.0074405388938357,0.4282891029021359,1.396212591146844,4.239127684748513,3.79710789211209,1,0,0,270,0.0,3
277,8,0.4080303800294949,1.1285843159321889,4.812153211915966,0.4396556192444387,1.4967450435735976,0,1,1,200,0.0,1
278,10,0.8903879580361953,0.4391857134548409,2.419753435571917,2.189369302033766,2.4105249340974755,1,0,0,250,0.0,1
279,4,0.3343783010726111,0.8440439965800492,5.668735351294077,4.557974160395975,5.760206859326684,0,0,0,280,0.0,1
280,5,0.4394793947919308,0.3245816651030021,4.608019565029536,2.0061214259078555,4.959480643343951,1,0,0,230,0.0,1
281,9,0.5690509607364165,0.6618962784421082,1.046583256492198,5.4934470055558,1.9451554349415017,0,1,1,290,0.0,1
282,7,0.9113120772611384,0.7325129553785048,5.633528029621596,3.5858277158619867,1.504953761767307,1,0,0,260,0.0,4
283,2,0.4309923205019467,1.1747447850715775,2.6962255980354883,1.0673416654950545,4.126306255097628,0,0,0,210,0.0,1
284,3,1.0176992696548282,0.8717501623480765,2.011896579663228,0.8555424197446664,5.936702265893888,1,0,0,290,0.0,3
285,9,0.8500782629881318,1.0119704106250438,4.969512044726505,3.963183274235145,2.878397938702161,0,0,0,240,0.0,3
286,12,1.0640897951428268,0.3914795691428116,0.8696450599510969,4.921825760583917,0.2391343317126255,1,0,0,210,0.0,4
287,5,0.7257790735294856,0.8811032399534013,3.2412712311074428,2.683852701850059,3.220941067712406,0,1,1,270,0.0,1
288,6,0.9450191628319954,0.3195270571424692,5.839357488412998,4.864263841700816,4.2628960266968265,1,1,0,200,0.0,1
289,12,0.732799201049012,1.0969213198343333,2.45283068211882,0.3174842994286099,1.3114091139131383,0,0,0,270,0.0,2
290,9,0.9241944714181616,0.4856555276450459,4.5319338592093015,3.1950635104955376,1.8873267840657564,1,0,1,280,0.0,1
291,3,0.3824841868458968,0.7614710900668775,1.3439859065128987,4.860483268844815,4.937817175011137,0,0,0,250,0.0,1
292,2,0.8303241183671797,0.5423644219589285,0.4523987477018218,5.563656684429546,3.164658424095798,1,0,1,250,0.0,3
293,7,0.6607167558288538,0.6186462371226136,3.7744728940436505,1.992935219914952,0.337802581609212,0,0,0,220,0.0,5
294,10,0.7216213565650235,1.063265051458916,2.753497725599852,1.572571214999792,3.606488278015743,1,1,0,230,0.0,1
295,5,0.8309768490760696,0.723615574078379,4.453768220566054,3.0623781823814986,5.718826880840819,0,0,0,300,0.0,1
296,4,0.3835957344156255,1.035984427291061,3.480362157668929,0.5718715273286741,5.136982624694907,1,0,1,240,0.0,1
297,10,0.6903985502781023,0.9210912827018416,0.7995569011587518,4.2213420536069775,2.187680086613602,0,0,0,290,0.0,1
298,8,0.9288652107320696,1.0204892177828229,4.886917578209011,4.905531863601489,1.3571624073449022,1,1,0,270,0.0,2
299,2,0.8540274068718781,0.9482231243864082,2.150404228132717,2.6922299253370165,3.984571806067156,0,0,0,210,0.0,1
300,3,0.8320811832909508,0.64227014079495,2.700471707711279,2.3625510692430374,5.201367891930847,1,1,0,290,0.0,1
301,8,0.3718066689839142,1.0140071243286222,5.136229318928482,4.871167870434418,4.729539067574592,0,0,0,230,0.0,1
302,11,1.1356656973957613,0.3255312518558766,1.048998438384943,3.975223941042805,0.8496326025078573,1,0,1,210,0.0,4
303,6,0.8184651841310239,0.9346674062990452,4.447672600568137,1.266632756188178,3.4738912857574227,0,0,0,260,0.0,1
304,6,1.1270015419842327,0.603934117710492,2.279756196245517,1.983693487663146,3.120852794389373,0,0,0,220,0.0,1
305,11,0.3671929564011159,0.75492957197792,5.6531907389672655,3.509631495167932,4.71319881989409,1,0,1,260,0.0,1
306,4,1.1688413180013142,0.2515758245186809,0.202266584353794,0.8832150579841653,3.585308757998115,0,1,0,300,0.0,1
307,4,0.4241082924998908,0.6912462749245779,3.7708537594344977,4.299813234793702,0.4571548652654141,1,0,0,220,0.0,2
308,1,0.7723750256687193,0.9159267426119896,4.858382363509277,2.8966744990189373,3.669194989105996,0,1,0,280,0.0,1
309,7,0.9040172848554212,0.8818273569235432,1.578282473486928,1.5296706798077089,5.085072999319552,1,0,0,200,0.0,5
310,10,0.5343067289009023,0.6344353202797619,4.967576637614723,1.5902385173296805,3.848669776535831,0,0,0,240,0.0,4
311,4,0.7227155397206175,0.8720401044393581,2.428200757927623,5.59146431002661,1.1410973904167176,1,0,1,280,0.0,1
312,5,0.839793852848485,1.0811180107023215,1.1174466240905008,2.5570356602866515,0.380463137274014,0,1,0,230,0.0,2
313,10,0.7882940786667892,0.8429335987591385,4.275151956123372,5.028515886949444,3.369105241284161,1,0,0,300,0.0,1
314,7,0.7375653176697193,0.8480638157817475,2.769976678109498,3.886371937928194,5.486542911774692,0,0,0,260,0.0,1
315,2,0.9235653729821184,0.8219026107682289,4.394337879341853,0.9947315103821676,2.6979439508268843,1,0,1,210,0.0,1
316,2,1.0589011692200905,0.3937948580223813,4.874508980326952,1.1456153293633609,1.5861098921783063,0,0,0,290,0.0,4
317,9,0.5200876934808092,0.792522216338366,1.7958790837466474,3.9689248952839296,4.402802391084562,1,0,1,240,0.0,1
318,12,0.9042761696641516,0.4779119560169956,3.5645410831100506,5.415049366264936,4.729281828101083,0,1,0,200,0.0,1
319,5,0.3082817120116934,0.9469910564476466,0.5757159379977386,2.0277344316434047,0.6169161711117347,1,0,0,270,0.0,1
320,5,0.9858791463952484,0.5092047269856171,4.661830220466266,0.5639842466078525,0.9912741819172608,1,0,0,210,0.0,1
321,12,0.4059454139270877,0.9341347842804434,1.2107008463369755,4.622939092158666,3.5818918143695906,0,1,1,270,0.0,1
322,9,0.9206561180029164,0.399584432265806,5.393089605198421,4.497859882624171,5.208173022499562,1,0,0,290,0.0,3
323,3,0.7623638002139408,0.9912842242213692,3.37823604106043,2.7548975409455942,2.80766298067742,0,0,0,240,0.0,2
324,2,0.9513549437686736,0.7528567490583692,1.7083887192300282,1.946405703572072,0.7317435476223644,1,0,0,260,0.0,1
325,7,0.727441090318981,1.0898055498253263,5.18701104253671,5.633484536271223,3.50075204697839,0,0,0,210,0.0,1
326,10,0.9985496433522854,1.0055268488377924,0.5727372222399043,3.1930630974380287,5.483618855073557,1,0,0,230,0.0,1
327,5,0.979942936964091,0.4796753796534975,3.810790792274817,4.768068321477423,2.3620090714848976,0,1,1,290,0.0,1
328,4,1.0917624052140145,0.9284868352289068,4.917619396545207,4.403672608003745,1.6357257361587725,1,0,0,250,0.0,2
329,10,0.9962062745310708,0.2690505373983851,1.9930781300187983,1.690273095675709,4.501760589022454,0,0,0,280,0.0,2
330,8,0.674648887350975,0.8967906836506611,4.801332566726445,3.0437022450523123,3.9409325084493503,1,0,0,270,0.0,1
332,4,0.8469255430206478,0.4809721951164241,1.7540362445634152,4.497936536855045,3.368404562205632,1,0,0,300,0.0,4
333,8,0.5863380566524468,1.03551215254662,3.497474246768585,2.448537390619724,3.0164643522597245,0,1,1,230,0.0,1
334,11,0.9098889844477585,0.5370326331573808,2.6422688316941563,1.192970996700532,3.3581199123001872,1,0,0,220,0.0,3
335,6,0.5835357640072659,0.9734439495066038,4.78494505288414,3.2684847728372404,0.8376193418502976,0,0,0,250,0.0,6
336,6,0.9909482544431394,0.2834044363464247,0.7513478045372223,3.281756912543699,5.767500035728349,0,0,0,210,0.0,1
337,11,0.6163489938694532,0.9550692052774707,3.317195258241541,4.655760947821021,2.9619013175448505,1,0,0,260,0.0,1
338,8,0.8391863136037491,0.968842051497888,2.126055606656108,4.199388772262546,0.4076355985146903,0,0,1,290,0.0,9
339,3,0.488761170271031,1.0743269530307236,4.983837741063551,0.5394486717723468,3.226171778370173,1,1,0,230,0.0,3
340,2,0.7531032944319903,0.8256286615023581,5.542655897223809,1.498795666383528,4.547925510791266,0,0,1,270,0.0,1
341,8,0.6665265838598693,0.9834942705282932,2.738292631227148,3.3228867373336994,1.916219254248502,1,1,0,200,0.0,2
342,10,0.8328383821805638,0.5262952508985079,4.867797376964628,5.710572474339481,1.5507336184729734,0,0,0,240,0.0,1
343,4,0.7056156822557742,0.5673870553584971,1.1095604351354975,1.4492645572995329,4.638718410791793,1,0,0,290,0.0,1
344,4,0.859580918215003,0.9599202280514796,2.258903659997981,4.8986095892255,3.664436161817559,0,0,1,220,0.0,1
345,9,0.3768938976294524,0.9736342763692426,5.760311165169807,2.525674019735072,1.8733085492735144,1,1,0,300,0.0,1
346,7,0.6214276953559693,0.616867034825712,1.3243549300559607,0.863092757924895,2.428328767268296,0,0,0,260,0.0,6
347,2,0.6639595373983179,0.4703130562747171,4.123459990215302,3.891631468336637,5.4018114034321405,1,0,0,220,0.0,1
348,3,0.9462988483442368,0.6718705124401725,3.450086564852825,3.839755514649257,3.9348374017627337,0,0,0,280,0.0,5
349,9,0.6613562558507967,1.083192403678673,0.4192030971034179,0.9217458801282512,1.177774382682312,1,0,0,240,0.0,1
350,12,1.132078640567601,0.4643858261920835,5.1964200322976914,2.939935623058457,2.127156977438608,0,0,1,200,0.0,1
351,6,0.4743479364929592,0.9794125103121536,2.3154878165408768,5.720951569005744,4.955011745078492,1,1,0,280,0.0,1
352,6,0.700547720838433,0.7659782868368887,3.353158041618429,4.339390693069035,4.460351904586875,0,1,0,200,0.002,3
353,12,0.8866731149274582,0.9458221968559268,4.988212305859849,3.0840741454892733,3.0234419259016727,1,0,0,270,0.0,1
354,9,0.7080774683472426,0.4454408566647015,2.853549917236754,5.768592596882583,0.9265890592927064,0,0,0,290,0.0,3
355,3,0.8964923325038848,0.3814952550081523,5.494337241190177,1.3183217471300264,3.708340922400896,1,0,1,240,0.0,1
356,2,0.8233841364653199,0.5530277945148985,4.771743732502536,2.952649563323993,4.889876982048877,0,0,0,260,0.0,1
357,7,0.3399197516685389,1.0160538951877534,1.7205555156005907,4.404838428585081,3.3726974640411727,1,0,1,210,0.0,1
358,9,1.0607029304938138,0.4608536582497539,2.820424939600132,4.2634237342559125,1.1094166164163954,0,1,0,230,0.0,1
359,5,0.7007179270716297,0.7960250701643273,0.96766977315646,0.2365042336102837,4.219589058435535,1,0,0,300,0.0,6
360,4,1.1292869384628248,0.6200179791012532,2.4586397551002603,3.492591643817664,3.2478490340614106,0,0,0,250,0.0,1
361,11,0.4428648870037052,1.1300761449191277,4.694052161091814,1.2862192201937006,0.7957596126817695,1,0,1,280,0.0,1
362,8,1.088204954079482,0.5208413001364502,0.5337599161876408,1.5741786840255865,3.263184032255133,0,1,0,280,0.0,1
363,1,0.4871368346954903,0.7427757363163411,3.427545925165149,5.420878343323606,2.276048805880778,1,0,0,200,0.0,1
364,3,0.5567421194155154,0.3947748220146262,4.278064798739873,5.093536537394343,4.494529300029974,0,1,0,300,0.0,2
365,8,0.7244623789447165,0.5226362679119448,1.5357340374311992,2.508323761763768,1.2970313214775775,1,0,0,220,0.0,2
366,11,1.0166282202163537,1.1079242826972069,5.298564241682865,0.7934998608266267,2.021271430026028,0,0,0,220,0.0,3
367,6,0.4515042248535891,1.095294801227464,2.5432770112698595,4.215360350797534,3.7874486990002514,1,0,1,250,0.0,1
368,6,0.9175213500546614,0.8086118761197157,4.28073003500614,1.568710743952597,1.4978546552247236,1,0,1,220,0.0,2
369,11,0.6232938568948234,1.069255671540732,0.6928628108287643,5.96349121999231,4.432779987402946,0,0,0,260,0.0,5
370,8,0.9699910356608012,0.9998242272244016,4.586957554291188,3.333225627772652,4.270734962768161,1,1,0,290,0.0,1
371,3,1.031698424785873,0.6817386790042562,2.561220192411111,0.9433509243460648,1.7699362840910664,0,0,0,240,0.0,1
372,1,1.0011849766198988,0.2736162564532389,3.283645794027817,0.4507273936020101,0.4509984555296096,1,1,0,260,0.0,1
373,7,0.7179143884873918,0.9515832801348136,5.289610717330017,4.297705123908597,3.4224424889235143,0,0,0,210,0.0,1
374,10,1.047397630740224,0.9295480865531788,1.2420673241057412,4.680780527434179,5.794788629606113,1,0,1,240,0.0,1
375,4,0.3700431383652386,0.8748150203355058,3.958542540322136,2.9171734043168978,2.1015101344691764,0,0,0,280,0.0,1
376,5,0.7071028657793013,0.446062105676261,5.472341853953122,1.8336269044729168,2.765183635540046,1,1,0,230,0.0,5
377,10,0.5533234134126027,1.0014691995070342,2.732166475927778,2.157946292851728,4.975709425867958,0,0,0,300,0.0,8
378,7,1.077192867294246,0.3055508568674156,3.684633501206932,2.726935770258333,3.692823501662661,1,0,1,250,0.0,1
379,2,0.3189172746154039,0.7729367726089701,1.4620576368437446,3.576242003442204,1.2581521210660769,0,0,0,220,0.0,1
380,3,0.6859196279837922,0.8938954335873627,0.3967697809845285,3.8939207760118633,2.713193480903742,1,0,1,280,0.0,6
381,9,0.5580314427350195,0.5928195562392959,3.2370822462129327,0.9367489602346744,5.221498299975972,0,0,0,250,0.0,1
382,11,0.8083467437937274,0.6987961759488925,2.1133794114149365,2.647220742230996,3.648694430360655,1,1,0,200,0.0,1
383,5,0.6273127306229739,0.6206476859120718,4.905106544248517,4.939451976948715,0.739427581017818,0,0,0,270,0.0,2
384,5,0.6610332061906138,0.9966564685841408,1.7078969460813764,2.842499164621414,4.875250866996609,1,0,1,290,0.0,3
385,11,0.2716072076648254,0.6736058389596205,4.95353048881867,4.590566117683267,2.6976291456139254,0,1,0,240,0.0,1
386,9,1.0484089976455615,0.5605700571647587,0.7572176360240285,4.467122121157098,1.3672113222626303,1,0,0,200,0.0,6
387,3,0.8137454903941309,0.4578650044432918,3.2228582754672184,0.6226608576139195,4.202817293037149,0,0,0,270,0.0,3
388,2,0.3571504872382968,0.4948521280508796,4.022483869209365,1.556636094316204,5.668168975989369,1,0,0,230,0.0,1
389,7,0.6093723162926084,0.9041479114896744,1.24391093085214,3.200368340685035,2.9744782600230395,0,0,0,300,0.0,2
390,10,0.8236478060073368,0.971801766069882,5.520709455036494,5.732740106465971,0.3014095126853087,1,0,1,260,0.0,1
391,5,0.4422358552207046,0.9967547242494524,3.283857472679983,1.9565553815474828,3.670552910569007,0,1,0,210,0.0,1
392,4,1.0149385359034515,0.3100387095869688,1.7471883419848369,5.20673846728882,4.424847225200689,1,0,0,270,0.0,1
393,10,0.5050467979228669,0.8688327755381313,4.452602340079939,2.5658018280669403,1.0260788973934176,0,0,0,200,0.0,1
394,7,1.0071353720310847,0.7317164478072509,2.675028131221488,0.5582402063547814,2.055389105658134,1,0,1,250,0.0,2
395,1,0.310554932387361,0.8946712407704766,5.034113495789482,3.718983559893255,1.959523077929872,0,1,0,280,0.0,1
396,3,0.7487775838374789,0.6925708320985532,4.74172654380946,3.709023807982985,3.5375646484326526,1,0,1,220,0.0,1
397,8,0.751978797125954,0.7100275342300209,2.3285707783654384,1.053634078528232,0.7859449969984899,0,1,0,250,0.0,1
398,11,0.68408193614948,0.8453754666951154,3.941083504584629,2.0839157345274724,2.7649699939315333,1,0,0,300,0.0,1
399,6,0.8976877180858451,0.6963705863878993,0.3067767280142275,5.265487918922422,5.197178119853323,0,0,0,230,0.0,1
400,6,0.7345753638175367,0.653357324597653,5.664964452968352,0.6104114107665795,0.6062285117711819,0,0,0,290,0.0,1
401,11,0.760189274734918,0.4205838544111136,3.02394338014295,4.108723171125794,3.722362970965209,1,0,0,240,0.0,5
402,8,0.5793138229349521,0.79615806822735,4.559550165974251,4.771645756499138,5.425177721922062,0,0,0,210,0.0,1
403,3,0.537287232873434,0.834987894103183,1.1421281760896242,3.1277366522415653,2.5473397750398714,1,1,1,260,0.0,5
404,1,1.005336151096923,0.4464155515894928,0.8690064077889237,1.899223403029028,1.0809374697190286,0,0,0,240,0.0,1
405,8,0.2771175533847521,0.5949661779346073,3.248477750147262,5.922442036124706,3.859060998403176,1,1,1,290,0.0,1
406,11,0.8479981248611821,0.4525925412501658,2.107066877482849,3.136053433628631,5.324759925079714,0,0,0,260,0.0,2
407,4,0.535501645979295,1.0910887882833322,4.353035984660044,1.38426593309451,2.2597303613623927,1,0,0,210,0.0,1
408,5,1.0857287774869302,1.026841596748476,4.151753441801457,3.863963895314272,3.1008229774340195,0,0,0,250,0.0,1
409,9,0.4356171104638827,0.2975981729604228,0.2476147575254984,0.6865475606172137,0.2263017179295191,1,1,1,220,0.0,1
410,7,0.5795918604441406,0.3345478986888702,4.698598435002358,2.0838447133515228,3.538830271902766,0,0,0,230,0.0,1
411,2,0.74034998621975,0.910801155447124,2.1826179256593696,4.942142815037039,0.381393405585476,1,0,0,300,0.0,1
412,3,0.423702975225637,0.7272439259801187,3.920079351618493,0.2002228964494852,4.033155125670813,0,0,0,200,0.0028,3
413,9,0.6459203683643329,0.6600782090330023,4.64826259470387,1.805398537268636,4.260903004157176,1,0,0,270,0.0,6
414,12,0.8026155346577494,0.8458357011011928,1.4821785913046162,1.0407703367714491,4.357428492809213,0,0,0,280,0.0,1
415,6,0.4425493185428175,0.7130434583153207,4.114199719943088,3.838822121919004,1.8165152655157155,1,1,1,250,0.0,2
416,6,1.1282769717903176,0.5454204134088777,5.144012850382024,1.8638760844633744,0.4793397211548817,0,1,0,290,0.0,1
417,12,0.5550977616352646,1.015158142300863,1.662741150656693,5.325202397220893,3.299518257139691,1,0,0,240,0.0,1
418,9,1.0987437742136197,0.4126461647081065,2.793095278471631,3.1295825009248293,5.126128877861039,0,0,1,210,0.0,2
419,3,0.3256003710795225,1.0203023584736923,0.7323210810464957,1.4600501274919158,2.1268054527384503,1,0,0,270,0.0,2
420,2,0.6277721046114001,1.0920507642605413,0.9741639069328544,0.2832696954071953,1.5730895753398502,0,0,1,230,0.0,6
421,7,0.6347596761564771,0.8446805319103488,4.8407413965971,4.73318808859333,4.486806403123334,1,0,0,290,0.0,1
422,10,0.6250582861232512,0.4526884816668536,2.763875263120154,4.836704065353179,4.680268231676578,0,1,0,260,0.0,1
423,5,0.8980472506711196,0.6324965895833198,5.047619464705497,2.7421653846572984,1.7327549402726192,1,0,0,210,0.0,1
424,4,0.6673861744877025,0.427114748813634,4.392683777338438,5.522488054490415,2.765410862747648,0,0,1,270,0.0,1
425,10,0.8402716766075425,0.6338446875868369,1.299591564273617,2.295465169483814,5.500809908981648,1,0,0,200,0.0,1
426,8,0.717677799699382,0.985523559011127,4.94683214303238,1.3105474866632956,3.3422926730175595,0,1,0,250,0.0,1
427,2,0.5376937516328966,0.7478377990989038,2.499233434253635,3.5447035697657028,0.7981076984112486,1,0,0,280,0.0,1
428,3,1.1143280028614793,0.3435304425349677,2.1104904886678315,1.3484984311655095,2.271737569177332,0,1,0,220,0.0,1
429,8,0.6034695529441139,0.837324147172723,4.4517226858149535,0.7597131862250524,5.216411609874024,1,0,0,250,0.0,1
430,11,1.0761594962497012,0.7696651078028016,0.4699803270955365,2.448872538643735,4.154364446549356,0,0,1,300,0.0,1
431,6,0.4559768769816356,0.7658104476582644,3.694555870487911,5.203325866419156,0.9417954327395068,1,0,0,230,0.0,2
432,6,0.869922402392672,0.482998147280497,2.80537791831147,1.594043440182306,4.738304233353891,1,0,0,300,0.0,4
433,11,0.4948410377869472,1.001344674202933,5.242050000584511,3.2613677616437218,2.90625121057811,0,0,1,230,0.0,1
434,8,0.9498960023314972,0.4626314863499142,1.1041183193109612,5.712027824759337,1.2748278952119496,1,1,0,210,0.0,4
435,4,0.4650897789479319,1.0096658206337306,3.86656878260875,1.6580937786623595,3.8349332993435743,0,0,0,260,0.0,1
436,1,1.0569182143703566,0.8751653900550732,4.483296035158185,3.8715819422432007,5.196154923025274,1,1,0,240,0.0,4
437,7,1.0201381770979785,1.0184356746598158,0.6266796403934535,4.6053083607247,2.429860318371493,0,0,0,290,0.0,4
438,10,0.9351272799819892,1.0100633329887097,5.375810692519696,4.425139917245729,0.7184507099641273,1,0,0,270,0.0,1
439,4,0.7312528349408031,0.6944228961100338,1.5721309370596108,0.5811120898359993,3.62765382344784,0,0,1,200,0.0,2
440,5,0.8530505111291475,0.8933811982786538,0.2387292321407617,3.98090690022117,4.404699274834448,1,1,0,260,0.0,4
441,10,1.080337691909469,0.9183051463327364,3.912975425014881,1.0024878383543634,1.4408857007278848,0,0,0,220,0.0,1
442,7,0.6005843997673476,0.971829207105148,4.139635649726976,2.1581682914699485,2.855541337392028,1,0,0,220,0.0,1
443,2,0.7979738229483797,0.6875634425720907,4.997460133131891,5.498938170166177,4.8949485714204615,0,0,1,300,0.0,1
444,2,0.7754828755892585,0.451375658465561,5.58050679947581,4.891004291000177,3.17908569109308,1,0,0,200,0.0,1
445,9,0.284794986127741,0.8132337698024105,2.496465567808578,2.6701364246453654,0.9571178779761892,0,0,1,280,0.0,1
446,11,1.1295924605039336,0.4184682703420224,3.993231920064973,3.4363016667225943,2.7735574280150166,1,1,0,280,0.0,1
447,5,0.8807032125874292,0.9282782298356036,1.5264462932784568,3.81017729998592,5.915846070363987,0,0,0,240,0.0,1
448,5,1.0796637231455253,0.4015948331799535,3.695693771837933,5.677627164476968,3.6833460702678935,0,0,0,280,0.0,1
449,12,0.4414175109602575,1.0040528722127324,0.5910136497389046,1.9296323148058416,4.819718933064482,1,1,1,250,0.0,5
450,9,0.8005031724253706,0.4908885457155402,5.126481756357379,1.7597143876145744,2.504121701675177,0,0,0,200,0.0,1
451,2,0.3203890091746617,0.979098119063013,2.1752250908481874,3.465150445758522,3.1430775160368785,1,0,0,270,0.0,2
452,2,0.8911727015611514,0.902452571318912,2.683364117537719,4.669373298742499,4.092883767143151,0,0,0,230,0.0,1
453,7,0.9671473598302848,0.449638059355066,5.677872875391366,0.2429655318643219,1.1237962287431091,1,0,0,300,0.0,5
454,10,0.9950337410014536,0.8094470296286249,1.47464943792262,2.7512515815577427,2.0435416019505435,0,0,0,250,0.0,4
455,5,0.6228513744230753,0.780192371731305,4.061205297200117,4.949720261044631,5.076456893245457,1,1,1,220,0.0,1
456,4,0.8751371412593285,1.025867324537623,5.3288845443857085,2.360616025054331,5.780100093539302,0,0,0,270,0.0,1
457,10,0.4203801376762909,0.5204533666654031,2.9700704623668472,5.309400146731115,3.110096369267601,1,0,0,210,0.0,1
458,7,0.9510208469335002,0.7383260454644884,4.421745650090964,3.5478395776898584,0.3594907110343445,0,0,0,240,0.0,2
459,1,0.904988928854934,0.3467966590880519,1.0354715409393578,1.6810462087438172,3.028537068634648,1,1,1,290,0.0,1
460,4,0.6847710821235781,0.5496939004556516,0.5630637299238213,0.5290708775146766,4.8787591680678775,0,0,0,210,0.0,1
461,8,0.4473396872522529,0.9158214412952692,3.1753599734794364,3.698227501715424,3.2362348592381114,1,1,1,260,0.0,1
462,11,1.120773592541513,0.9754800505886316,1.6594142799188747,4.942211888358434,1.3246342254566492,0,0,0,290,0.0,2
463,6,0.5030517543320377,0.9762053854280768,5.051215160567093,2.685411118050712,2.358847944002928,1,0,0,230,0.0,2
464,6,1.0326087146976335,0.725489838137807,1.3896060033466993,3.406614679414458,1.751725579015419,1,0,0,300,0.0,3
465,11,0.4492532314342328,1.0796789395240851,3.773827908835956,1.3368944691405609,3.948857764494941,0,0,0,220,0.0,1
466,8,1.1407384227442812,0.2677265408162776,2.2641934937689285,2.5401665178321005,4.1925255244768,1,0,1,220,0.0,1
467,3,0.5245400566731927,1.0078403312475324,5.826024480621503,5.8502754579476886,1.576297592108715,0,1,0,260,0.0,1
468,2,0.8899145866574896,0.9179292070374816,4.5252444103954605,4.619539503678278,2.761439456395093,1,0,1,240,0.0,4
469,8,0.4859223133948021,0.5228487883352366,2.1158955723126933,2.8478665501683915,5.559965993043051,0,1,0,280,0.0,2
470,10,0.669347350395164,0.7502443820084967,3.729485151254706,0.4655235850459283,3.443965132191028,1,0,0,280,0.0,2
471,4,0.4612516402702608,1.0159134599096178,0.4084493799969393,4.132448350620702,0.8770686839823827,0,0,0,200,0.0,1
472,5,1.0514176049900066,0.6670885424553559,1.9025749642846057,1.0435076737583495,1.0494947279488132,1,0,1,260,0.0,1
473,10,0.9684943189020584,0.6595585857475111,4.75134073788019,3.836913623054857,3.663635925203718,0,1,0,210,0.0,1
474,7,0.5799997714059091,0.7294247180870578,0.818344317147443,5.460770781276404,5.182766420298263,1,0,0,230,0.0,4
475,1,0.5406468942488831,0.426939949906519,2.473308978654429,5.19435030697173,3.5954561438234185,0,0,0,300,0.0,1
476,3,0.9908534895880752,1.0565091209081776,4.462200408880549,2.70431716543708,0.5629439161492451,1,0,0,200,0.0,4
477,9,0.3965611374163041,0.9363496872893896,0.9230964587287644,4.924830429420635,3.598607372846873,0,0,0,270,0.0,1
478,12,0.4570493613851079,0.3966103522720454,5.233615506781408,3.642213320142991,5.38503184902377,1,0,1,290,0.0,1
479,6,0.8178537189022137,1.145794837537246,2.9372591198673845,0.830825170595493,2.562564709740585,0,1,0,240,0.0,4
480,6,0.8660886715968408,1.120742925856522,0.5388679001713051,4.8118054897648666,2.352128605167552,1,1,0,280,0.0,1
481,12,1.0928207567478023,0.5306787868553912,3.302432139228256,2.871738803051416,5.029684602957048,0,0,0,250,0.0,1
482,9,1.0872733771127527,0.974227935365137,2.34098322339446,0.3510757632501542,3.94465693472108,1,0,0,200,0.0,6
483,3,0.7601796094628508,1.1049043697787235,4.512815261030552,4.355245278542296,1.0163782098530312,0,0,1,280,0.0,1
484,2,0.7345349226374043,0.2902626603440797,5.780878704954925,2.09130113891858,2.739547766010729,1,0,0,220,0.0,5
485,7,0.9455369109376844,0.9371507645682312,2.645347131872346,1.8218068875621791,5.205754451474863,0,0,1,300,0.0,1
486,9,0.8064904146404539,0.5437892873379043,3.939038536171966,1.7728061000447144,3.550238296892932,1,1,0,250,0.0,1
487,5,0.2593673632968479,0.7869905369576164,1.4434900426180912,5.687123920850503,0.9219614153427008,0,0,0,220,0.0,1
488,4,1.0428283262071425,0.4358549107653672,4.205960929788423,3.1289719421121456,1.5019846950742175,1,0,0,270,0.0,1
489,11,0.5200759267512093,0.8716675140044015,5.196420540874192,5.068219087307234,4.454221895518446,0,0,1,200,0.0,2
490,8,0.7317587304297158,0.3631328846833821,0.976374146075131,3.962036383468048,4.687247484005101,1,1,0,240,0.0,1
491,2,0.8912681659869363,0.964637029602236,4.291488799536494,0.5879342770554097,1.684331777125058,0,0,0,290,0.0,1
492,3,0.863262602812876,0.8886156414112505,3.160978062248611,1.169058164439946,0.5034079117710569,1,1,0,210,0.0,1
493,8,0.5034704157084373,1.0375017213366384,1.0158932975688957,3.862446292103461,3.106688720647328,0,0,0,260,0.0,1
494,11,0.7037376992634301,0.6166795094938298,4.783947513473932,5.286350334092319,5.586374803287671,1,0,0,300,0.0,1
495,6,0.9534792824613124,0.5727434420901246,1.92744895891454,1.8965478595378784,2.996352542340247,0,0,1,230,0.0,1
496,6,1.0176651005232895,0.9432275415065484,3.754787626362933,4.232759622435206,3.2455450741321563,0,0,1,300,0.0,1
497,11,0.670060825483592,1.0129569695381502,1.6170147051848,0.5136705360807612,0.2805813079100792,1,0,0,230,0.0,2
498,8,1.060706201681357,0.8211069194480836,5.462380828312049,3.933899182805642,2.5614163848126914,0,1,0,220,0.0,1
499,4,1.059119504577893,1.059997662039441,2.6871675607494967,4.642237257037518,5.882048278071619,1,0,0,250,0.0,2
500,1,1.0546713952386206,0.9101265261405602,1.4544281517436402,4.089795537911455,4.479740031022482,0,1,0,250,0.0,1
501,7,0.4129529364310185,0.9400586344172084,4.677039701748624,1.814321330993285,1.3494735312442776,1,0,0,280,0.0,4
502,10,0.5756290496508236,0.2823370631666754,0.3487166425106179,0.4027232749088576,1.91737135640199,0,0,1,270,0.0,1
503,4,0.5111249064256337,0.8120350545991574,3.520103247115401,3.2336766760002496,4.710155279908646,1,0,0,200,0.0,1
504,5,0.961392672829714,0.2680753862007671,5.137583481125103,1.0451884699856837,5.4114817024119,0,1,0,260,0.0,1
505,10,0.3159214301959809,1.038770252302254,1.81124379243358,3.941742165450424,2.7331647253928404,1,0,0,220,0.0,1
506,7,1.1110696060041625,0.4460197803537206,3.3548819046788627,4.908346890949454,0.8164977318504804,0,0,1,240,0.0,1
507,2,0.5158619656323605,0.9042613697059912,0.7007381232579245,2.735003497868091,3.2172636858720063,1,0,0,290,0.0,2
508,3,0.5555724686163974,0.6265997808458421,1.2106139055286818,2.042295670397897,4.786620555551006,0,0,1,210,0.0,2
509,9,0.7613283599232801,0.6461439673303786,4.83593730854586,5.387252802531347,2.5155473561609054,1,0,0,260,0.0,1
510,11,0.6290530106812057,0.723264701521789,2.913760344118833,3.663387957972089,1.2772426196593316,0,1,0,290,0.0,1
511,5,0.916871072911342,0.7296351026184957,5.397961389322513,1.0219907926014704,4.032994337560739,1,0,0,240,0.0,1
512,5,0.4564494037185576,1.015347603197596,5.187557373467912,0.7283749222915504,5.756952821157586,1,1,1,280,0.0,1
513,11,0.9887127719657468,0.7763865753825534,1.764389171863197,4.048813784326395,3.029938219700696,0,0,0,200,0.0,1
514,9,0.7678791598933695,0.803973413930654,2.898065918981807,4.815601962323761,0.2982003076164105,1,0,0,250,0.0,1
515,3,1.11699486893237,0.8131159850578296,0.5723084188093029,2.560245460607448,3.2583004716802955,0,0,0,280,0.0,1
516,2,0.8161540794778981,0.6898368705554965,1.0921693282720613,2.221566174028068,4.644402533109026,1,0,0,220,0.0,1
517,7,0.2799068773827154,0.9681064845763746,4.296064870408709,5.326791185970249,1.6045242824328918,0,0,0,250,0.0,1
518,10,0.9689480094112624,0.2797697513105158,2.311497986623228,2.64022651183574,1.315936132517562,1,1,1,300,0.0,2
519,5,0.6014539214506691,0.9156005342161262,5.23295117841392,1.209905832549657,4.162958962620336,0,0,0,220,0.0,4
520,4,0.7702677935807098,0.3326441896993565,4.132536599106691,1.939864551560138,4.108419805923689,1,0,0,290,0.0,2
521,10,0.730755582365509,0.9977987895124588,1.5046254015095135,0.255421608660805,0.8032779899178845,0,0,0,240,0.0,4
522,7,0.8177816835968006,0.5612147485659901,5.403272097839382,2.332946009207967,2.526390707009731,1,1,1,200,0.0,1
523,1,0.5569930231576389,0.957404913634342,2.1223869912529785,4.374044334165291,1.0145107752233566,0,0,0,270,0.0,1
524,3,1.041804520381504,0.7213040239075226,2.3570015901202344,5.315115196454056,4.558884174309339,1,1,1,230,0.0,2
525,8,0.7457913965017402,0.7942323399576271,5.481359683796984,1.8754577944706845,0.9262644699664394,0,0,0,300,0.0,1
526,11,0.3112287518307777,0.8275251410595746,0.7497083415905598,1.467937142054283,2.10200150759437,1,0,0,260,0.0,1
527,6,0.6682002792104106,0.950950760904292,4.146747512664616,3.529002285427965,4.76743106503281,0,0,0,210,0.0,2
528,6,0.7422693659891461,0.4595424969802521,2.9131598184010503,2.788607680389989,0.8852815719446091,0,0,0,250,0.0,2
529,11,0.9194814547074396,0.8407171229769259,5.568895418578155,4.809007391255544,3.963364125376157,1,0,0,220,0.0,2
530,8,0.9342846932095408,0.9043523317078668,0.8927826085329881,3.7613303558130378,5.162177717587635,0,1,0,230,0.0,1
531,3,0.8138886569935643,0.727174897522514,4.382549081401594,0.9926308495281574,2.2012388488596595,1,0,1,300,0.0,1
532,2,0.8190543360406878,0.3631179142488267,3.213616856153475,1.0238072410955077,0.7119513989737406,0,1,0,200,0.0,1
533,8,0.5644194449828074,0.669013601814061,0.8657075253522803,3.868624346976931,3.473702935713845,1,0,1,270,0.0,1
534,11,0.9257037581221992,0.6658410854816179,5.025669061283679,5.548943314548661,5.519469388363915,0,0,0,280,0.0,2
535,4,0.4482291402215488,1.117405965296108,1.8492972289325464,2.1418341285523206,2.136406990188328,1,0,0,250,0.0,2
536,5,0.9685240410253914,0.3090721628258369,0.4549954368863471,3.851401552784689,1.6818893595891982,0,1,0,290,0.0,1
537,9,0.4294396453498477,0.823764394493037,3.903232833005133,3.4166237966548034,2.8928940192524526,1,0,1,240,0.0,2
538,7,1.0287079033724715,0.4217992568643303,2.274771515083676,0.3768230159418767,4.518498892613879,0,0,0,220,0.0,2
539,2,0.2993872329150676,0.956899347466194,4.647360613883484,4.250633819131543,1.5479504830495152,1,0,0,260,0.0,1
540,3,0.8342153089930101,1.146745017054677,5.227763540487047,3.236078789497329,2.9103744670394325,0,0,0,240,0.0,2
541,9,0.9840558410589608,0.8678939298630272,2.226610024506985,1.213552874774313,5.6417020314301904,1,0,0,280,0.0,1
542,12,0.632010023716679,0.7012365581363567,4.60964079910212,1.833398694408468,3.249118999208536,0,1,0,260,0.0,1
543,6,0.7356894930982705,0.7173512235482951,1.29842920292905,5.9024090416369495,0.5455867200793981,1,0,1,210,0.0,6
544,6,0.9813201790702688,0.7897280880857066,1.9529817637686784,1.0955561304304042,1.5648798708653755,0,0,0,270,0.0,2
545,12,0.3602177409636065,0.8817866480709566,4.995197416887327,3.672489684069198,4.218636644478986,1,1,0,200,0.0,1
546,9,1.1574682213466905,0.3015804925103138,1.003292366087172,4.404493378352139,5.109620596341539,0,0,1,250,0.0,1
547,3,0.6670343999829346,0.914528184415037,4.916676689802687,2.33613162758586,1.6892420684092562,1,0,0,280,0.0,1
548,2,1.019701068778807,0.590943399720132,4.447933812282586,2.4365182430875745,0.4422014344457793,0,0,1,220,0.0,6
549,7,0.8230530618524636,0.9073265108842548,1.0738976203558992,5.281227746773153,3.4779805150366974,1,0,0,250,0.0,1
550,10,0.7109543076361329,0.7232898621375143,5.424879679306386,4.0542314794638745,5.7195952663304,0,0,0,300,0.0,2
551,5,1.1534571045595932,0.5793595959039292,3.013139095085539,0.8647806325015983,2.8017304076629377,1,1,0,230,0.0,4
552,4,0.7880047147810144,0.609044679756174,1.2510578565961143,2.6398583403118665,2.402200602542332,0,0,1,290,0.0,1
553,10,0.97371785550592,0.4436390553549716,4.191289428584523,1.4507286816011191,5.239174948380328,1,0,0,240,0.0,1
554,8,0.6613436307693981,0.9758179016492804,2.326797253031774,1.9824894464400336,3.42411247820224,0,0,0,210,0.0,2
555,2,0.5215228467997801,1.0749134568154728,4.633958409702452,4.650075171590932,2.181922031798376,1,1,0,270,0.0,1
556,3,0.8950334831437365,0.3901700637695215,4.730602261559851,2.24000769072087,2.857199499119022,0,0,0,230,0.0,1
557,8,0.3518267300855019,0.9200602961286776,2.5477679984316266,3.172763174701253,3.4629402701370813,1,1,0,290,0.0,3
558,11,0.6694182391468687,0.7019678197013329,3.445876106610782,0.2627101002488254,3.6257838864800136,0,0,1,260,0.0,2
559,6,0.4885783389139835,1.0424917541809977,0.5395362800187924,4.636557616916651,0.4586100178512516,1,0,0,210,0.0,1
560,6,1.0273619619064989,0.3998848458476307,5.371227841503662,2.139001358055919,5.398659405071391,1,0,0,260,0.0,5
561,11,0.4394363469276562,0.5005277367349565,2.9282106071835323,5.463036396439254,2.5592067320318024,0,0,1,220,0.0,1
562,8,1.0913508972785555,1.1219940837183846,3.739242971137436,3.622888276050479,0.9356987490574148,1,0,0,220,0.0,1
563,4,0.508523757086322,1.0960402936462066,0.874536615558062,0.960248922626694,3.2832884469040886,0,1,0,300,0.0,2
564,1,1.195435774003912,1.0192704702934232,5.355688003486821,5.991215052679467,4.560066757113859,1,0,0,200,0.0004,3
565,7,0.8481561849141686,0.9827288757313496,4.056420234331132,4.083827262984232,2.3052812399907645,0,1,0,280,0.0,2
566,10,0.965066312385539,1.2,4.1004219836324864,4.6837038353235,2.5932218815902712,1,0,0,280,0.0026,3
567,4,1.155230865520143,1.1356429535154593,3.0026797174889426,4.198728058587378,2.143115449562175,0,0,1,240,0.0,1
568,5,0.8967164477738135,1.0145574842458982,3.541659009392459,5.693225503776931,3.134966667929529,1,0,0,300,0.0,4
569,10,0.3308430550126337,0.9834236006120188,0.2985118110088188,1.7468990204192318,0.4943114665035599,0,1,0,230,0.0,1
570,7,0.933350649659219,0.798113662499067,4.836172185797245,1.4182921920261076,3.117796436067015,1,0,0,210,0.0,2
571,2,0.7213549273842312,0.3128343388115537,2.126002304243805,3.290473771972662,5.871547694719277,0,0,1,260,0.0,1
572,2,0.7001891715812363,0.4037343114979088,2.708409556713549,4.16475533537921,4.295845339459171,1,0,0,240,0.0,1
573,9,0.3977878140681595,0.9176910305703232,5.440905304091999,0.5487044782930649,1.4262470407619243,0,0,1,290,0.0,2
574,12,0.943232491915248,0.7082006434334385,1.445234978144805,2.891316561425229,1.8716896778899184,1,0,0,270,0.0,1
575,5,0.3494368222658295,0.7593005335881485,3.457365514694973,4.1210813534251125,5.3788048592828765,0,1,0,210,0.0,1
576,5,0.9694712069553126,0.494369390950006,0.3458650577433517,3.7770544760060543,4.165229154239629,0,1,0,270,0.0,3
577,11,0.3411702907198663,0.9472194306894216,3.818352865378536,1.172673706562803,1.123320654448868,1,0,1,210,0.0,1
578,9,1.153512883893697,0.5701939529030011,2.253913840884914,2.493686203599464,2.1653345952374523,0,0,0,240,0.0,1
579,2,0.4199687344510606,0.8029749409431318,4.930625706094353,5.568636229938249,4.861363331951805,1,0,0,290,0.0,1
580,2,0.9045393235034708,0.7167399501162179,5.277378061768354,5.131886605716302,3.585598397321092,0,0,0,210,0.0,1
581,7,0.994773866522002,0.8866520489056208,2.358044965852878,2.44665993233376,0.8300323136985976,1,0,0,260,0.0,2
582,10,0.9698473186698698,1.0601242046823878,4.2048675818917625,0.521804137145132,2.3685449417534663,0,1,0,290,0.0,2
583,5,0.7112790169820589,1.009853319625526,1.653623078400101,4.22007988250947,5.295874286941668,1,0,1,230,0.0,3
584,4,1.0405103720262188,1.0068476300243376,5.393107438764838,2.9399505487037114,4.167027020185298,0,0,0,280,0.0,1
585,10,0.5532934638928304,0.827288530769428,5.502710777898662,3.1076373797733288,2.20227608010416,1,0,0,250,0.0,4
586,7,0.9168003258390952,0.856996248408145,1.2426772828923245,5.623442731550379,1.478809402657375,0,1,0,200,0.0,9
587,1,0.642314328544366,0.5066893389629833,3.379164103656209,1.7799756455516826,4.037615384359398,1,0,1,270,0.0,1
588,4,0.726178336403681,0.4398488436902569,3.108697643108195,3.439200821807647,5.529830777806893,0,1,0,230,0.0,1
589,8,0.4309617631434131,0.9756898698284138,0.54168963083666,4.633722116368172,2.3769179421827267,1,0,1,300,0.0,1
590,11,1.0618535806633604,1.0557352023995024,5.126022409556279,4.425769479991273,0.2029382587207458,0,0,0,250,0.0,7
591,6,0.9801493108478,0.7573946097892154,1.9498274747295925,0.3428471757966148,3.262245843108082,1,0,0,220,0.0,1
592,6,0.8645171992591013,0.5854722975564484,5.003708113137762,4.989786366202234,3.517648321245197,1,0,0,260,0.0,1
593,11,0.4941440218478392,0.848695827450128,1.5093555525977491,2.637765624648706,2.9103208624550465,0,0,0,210,0.0012,3
594,8,0.9932656540958444,0.3589151855647709,4.931082253173325,2.907391293699951,2.866395439660776,1,1,1,230,0.0,1
595,3,0.4651976435522474,0.9137192865099928,2.7272543535088767,3.860194862022514,0.4665088180495638,0,0,0,300,0.0,2
596,2,0.6559151462348742,0.6727082228576956,3.320534192935651,3.9454934742186,2.4555283153940395,1,1,1,200,0.0,2
597,8,0.9175211179247006,0.5690428312794562,3.0580878235613347,3.7856327638330094,2.9287863798767173,0,0,0,270,0.0,1
598,10,0.9324080165988086,0.6815752637408791,0.565504020029339,2.606294631471538,4.53790676858665,1,0,0,290,0.0,6
599,4,0.561290640512054,0.4810695769279011,2.90236312466986,4.668432231389065,1.4039573890883883,0,0,0,240,0.0,1
600,5,0.8677507794360042,1.033971005429087,5.019439209461721,1.7825575122494444,0.5593255073128073,1,1,1,300,0.0,1
601,9,0.459857748117814,0.6261260952910814,1.9119534546537555,5.686169037742625,3.4551729066008026,0,0,0,220,0.0,1
602,7,1.0190679322299976,1.1254371059314,3.324339671539,3.519657344632903,5.466521695909328,1,0,0,220,0.0,1
603,2,0.6746677349508223,0.572495935681687,0.942911240512612,1.4189494069376156,2.740224507117705,0,0,0,260,0.0,5
604,3,1.0455258898679296,0.3020717155731355,0.9076342586938532,1.461749685508419,1.0011984317010103,1,0,0,240,0.0,1
605,9,0.5877914539226057,0.9434851844838928,4.82947828382248,4.487596825352214,3.988365474864356,0,0,0,280,0.0,1
606,12,1.035302665613932,0.6936142996480257,2.8174321122314896,4.638657759343071,5.223775165732601,1,1,1,280,0.0,6
607,6,0.3056617286770304,1.1202027028598174,5.155982911500047,2.8510892285692884,5.173270731511416,0,0,0,200,0.0,1
608,6,1.0161463428302404,0.7540382629894153,3.912250188678717,3.53888488321442,2.909014604683496,1,0,0,270,0.0,2
609,12,0.6994520245300231,0.3321731213899691,0.63767359375252,1.0449146439762027,5.860417700370801,0,1,0,200,0.0,1
610,9,0.6456841414064295,0.8852780477965306,4.454323369207788,2.270373161321088,3.971707060180344,1,0,0,240,0.0,1
611,3,0.3069541800428461,1.1621176912369893,2.260724194688207,5.083714942743048,1.0140378526429583,0,0,1,290,0.0,1
612,2,0.9002631858751016,0.6891368085576333,3.0787255392401707,4.621312004486426,3.0184663638761147,1,0,0,210,0.0,1
613,7,0.5790772833922413,0.9127459384605702,5.762553429873899,2.241839555101669,5.459871047629123,0,0,1,260,0.0,1
614,9,1.1574475961248685,0.5353771685980581,1.313990023395849,1.4990475476713587,3.80966397929086,1,0,0,300,0.0,1
615,5,0.6947620051191489,0.9634044143535434,3.9383462747694167,3.424856929907125,1.099446809582022,0,1,0,230,0.0,1
616,4,1.1112688296802418,0.508876823457011,5.842701839522652,0.2516890343611181,0.3656724902507487,1,0,0,280,0.0,2
617,11,0.2999656812111479,1.0809373557584807,2.708898820998901,4.51549258453399,3.2154407363717072,0,0,1,250,0.0,2
618,8,0.6577442316231846,0.3261921228041219,3.796729460373754,2.9153064050593005,5.124973367093978,1,0,0,200,0.0,1
619,1,0.5253704460567955,0.7921137782502057,1.4523462307134996,3.713509860364693,3.03409045667894,0,1,0,270,0.0,3
620,3,1.0864027361327917,1.0603754248736128,0.8543834925607561,1.860905368052203,1.593839626209418,1,0,0,230,0.0,1
621,8,0.9320306618340196,1.0508266965654072,3.0595481156894624,5.63923213820357,4.232277718559216,0,1,0,300,0.0,3
622,11,0.910705564071782,0.9053702698835194,2.03316268750654,3.3578004788674045,4.672589106329458,1,0,0,250,0.0,1
623,6,0.9850484846958736,0.5746779445335266,4.476039667691229,1.5598470546726606,1.8076838835166569,0,0,1,220,0.0,1
624,6,0.5804672859950499,0.7943130187864439,1.5061774930784986,4.913341429381866,4.375525592022848,0,0,1,260,0.0,1
625,11,0.5636767142859385,0.8907784581155377,3.955712591293883,2.647403104526276,1.4524802007082978,1,0,0,210,0.0,2
626,8,1.024990160960371,0.7574845657006843,3.43051309836472,0.574113278123216,1.932972697502558,0,0,0,230,0.0,1
627,3,0.838210984824125,0.5886129451289142,5.655408358428951,3.918134032655341,4.797670884220664,1,1,0,290,0.0,2
628,1,0.8148151882893542,0.4468524364407814,5.27805443594987,3.6744239439125,3.21011305289548,0,0,0,210,0.0,4
629,7,0.4399938697134575,0.7000373548990356,2.1586131600976493,1.0863697193872983,0.3935883836742216,1,1,0,270,0.0,2
630,10,0.9447851238506064,0.2917756249655861,3.8510565462699153,1.286520100301222,3.1059996452822114,0,0,1,290,0.0,1
631,4,0.4195815302589682,1.064612137333941,0.2415894267852456,5.676436201384282,5.6454336943037,1,0,0,240,0.0,1
632,5,1.049181514395313,0.3161665068556774,1.5992730888372872,3.105470778671275,4.958712127541577,0,0,0,300,0.0,1
633,10,0.699297535206739,1.0223083618635385,4.959383364850456,4.606155354701624,2.0831775808882727,1,1,0,230,0.0,2
634,7,0.8101800662998548,0.8022678659837384,0.6798924982277041,4.408221772182687,1.2012730035674524,0,0,1,220,0.0,4
635,2,0.6764337349928004,1.1155284803175924,3.374115324958132,0.4058574476854982,4.215637353737234,1,0,0,250,0.0,3
636,3,0.6916585895216673,0.6601315605480031,4.395466058719653,1.6503523981426869,5.141290390660926,0,0,1,250,0.0,3
637,9,0.4035389043748943,0.700493809941403,1.0855986152930184,3.3512720546166275,2.556919254184044,1,0,0,280,0.0,1
638,11,0.989942110146176,0.3233301176913322,5.498532564801985,5.812369637714323,0.8643715097412817,0,0,0,270,0.0,5
639,5,0.906835654507532,0.6538418707013437,3.1033029952662283,1.5327630338820442,3.78567845726776,1,1,0,200,0.0,3
640,5,0.8104391354778179,0.6758328216701027,5.845688740912822,5.417785094081699,1.772415003210874,0,1,1,240,0.0,4
641,11,0.7032020928817698,0.535937366556903,2.7975081268262385,2.2637322615489937,4.698254159119005,1,0,0,290,0.0,1
642,9,0.6769144566933727,0.9897961483950924,4.0725955415890045,1.189985795100157,4.388513745925029,0,0,0,270,0.0,1
643,3,0.7788599913083478,1.0036772173042805,1.718491874652139,3.709820670929257,1.7442468454457902,1,0,0,200,0.0,3
644,2,1.0400114972986814,0.2982718805780102,0.2559581204279882,3.316957336785506,2.8286732585667376,0,0,0,300,0.0,1
645,7,0.5622513753947942,0.9562965520491624,3.817769789709697,0.5712164237706158,5.695529433652784,1,0,0,230,0.0,5
646,10,1.0976580179332422,0.7554549786748392,2.113675448086275,2.258162811945701,3.6156108530056974,0,1,1,210,0.0,1
647,5,0.3194172505790553,0.8644921356329709,4.855776142607046,5.248446732826936,0.5553502580017202,1,0,0,260,0.0,4
648,4,0.9278557550907414,0.4062647493557366,4.157779901435489,1.8631105803967047,0.9556106583760966,0,0,0,200,0.0,1
649,10,0.7242458049258595,1.0565578884873723,0.6034253228790756,5.6368575700854,3.898650405516343,1,0,0,280,0.0,1
650,7,0.957757645274729,0.293029340576896,5.30017067714128,3.129882731749251,5.107303089728998,0,1,1,280,0.0,1
651,1,0.4967446706093161,1.0650130527385102,2.8262118546790176,1.9511175356300967,3.513765091407551,1,0,0,250,0.0,2
652,3,0.5762024060899457,0.9744373524262184,2.96897205787849,0.3140044879092469,0.667513996768702,0,1,1,250,0.0,1
653,8,0.3092540784816158,0.6497560966560149,5.156757339165146,4.236532769779638,3.890600650579783,1,0,0,220,0.0,1
654,11,0.936078543011502,0.6685136846313522,1.1750858538406428,4.775499548520484,5.628239125288669,0,0,0,220,0.0,2
655,6,0.9275472016298336,0.7483328135764609,4.450853168207458,2.99417261073829,2.544326032840089,1,0,0,300,0.0,1
656,6,0.9361528369062851,0.7709676935071863,2.2693144000564365,3.771107373670735,3.6877418686569152,1,0,0,240,0.0,1
657,11,0.4971973933318348,0.5761345754535149,4.718089511868572,1.004795117972239,0.905842840200072,0,0,0,290,0.0,1
658,8,1.0200369226483588,0.9548340111837734,0.5597629517592386,2.043892466006388,2.858781834594552,1,1,0,260,0.0,4
659,3,0.5764370892557282,0.684594623270997,3.3786977758268857,5.477538298421639,5.049315195476286,0,0,1,210,0.0,1
660,1,0.8379253038564309,0.7254265644018894,2.524860614196473,2.9940838470280746,4.5893030201354,1,1,0,280,0.0,1
661,8,0.3291123703083508,0.9864811717908348,1.4637141971263956,2.549417201782486,3.0003726894229743,0,0,1,240,0.0,1
662,11,1.0188371622161652,0.4435314143663212,5.886681266693799,0.6007247868582258,2.013264994057001,1,0,0,210,0.0,1
663,4,0.7590639155182513,0.8885255261666585,2.7060187702484413,4.42731689319498,5.091567969225559,0,0,0,260,0.0,1
664,5,0.8447319750513995,0.3729236891037083,0.8777951049131463,1.5133218122466576,5.677677041614661,1,1,0,220,0.0,3
665,9,0.3358430931118925,0.5904005161389257,4.530599180210879,3.440522552562334,2.09213701120693,0,0,1,250,0.0,1
666,7,1.093830813910161,0.5058139786273745,2.770812713086793,5.712743760705073,0.3576572457106777,1,0,0,300,0.0,4
667,2,0.4959081629981113,0.9057986404800904,3.808511121066561,1.7681349670947382,2.1261402180011384,0,0,0,230,0.0,1
668,3,0.7242215985259346,0.7611296719346381,4.994213954253194,3.071012028651162,4.763230565853424,1,0,0,270,0.0,2
669,9,0.9711629852054964,0.949038819393578,3.022699680281475,3.893443385466946,3.074920413879946,0,0,0,200,0.0,1
670,12,0.7084450371910731,0.957893030322707,4.872211782752867,4.727399960863967,1.621472091606608,1,1,0,250,0.0,1
671,6,0.979379156700045,0.7444502335799341,0.8895880371597007,0.5341908163155753,4.416217769661961,0,0,1,280,0.0,2
672,6,0.9564283290986072,0.2677173058149929,2.741296651415173,1.867370487352653,3.5920288347640743,1,0,0,240,0.0,1
673,12,0.5413137359342992,0.6521680234313456,4.480820023276111,2.3072309076401303,1.074916778687241,0,1,0,290,0.0,1
674,9,0.5075233029143585,0.496616862598604,1.410802301071922,1.0850219243698354,2.87535114224487,1,0,1,270,0.0,1
675,3,0.3527811613733093,0.8626425365340351,3.966654888702451,3.97388991051724,5.878640145371208,0,0,0,210,0.0,5
676,2,0.9635899879290796,0.8010443863681,3.652656188787705,3.555125833689013,4.341906430626566,1,0,1,290,0.0,1
677,7,0.6318034712516022,0.8852749807951157,0.507390481219807,1.2602143720123429,1.3712180610915763,0,0,0,230,0.0,1
678,9,0.9500489861945396,0.9336140219947414,5.320449087647995,2.404153447081572,1.9253016321124568,1,0,0,210,0.0,1
679,4,0.5727192331112982,0.7100227542516634,2.309591989863104,5.209929954407344,4.784812870352764,0,1,0,260,0.0,5
680,4,0.837818618193067,1.1788871086785515,0.990944827470816,2.9054433464789207,5.327450110986861,1,0,1,200,0.0,2
681,10,0.5346830178247585,0.8720289317290965,3.1190385198668773,4.828393651783685,2.546890889839486,0,0,0,270,0.0,1
682,8,1.0708556025922844,0.855071373859764,2.0751222361300563,4.602687907364358,0.8028078110871882,1,0,0,280,0.0,1
683,2,0.9681142637025748,0.4137867194831947,4.615382234580274,0.854428235664062,3.6011546715376364,0,1,0,250,0.0,3
684,3,0.4810260973527114,0.4806745592899084,5.090255048762498,1.885969872404096,4.586820952076571,1,0,0,250,0.0,2
685,8,0.5079863128878316,0.781696836153195,3.2906521256734464,3.594920112633828,1.3380161941746456,0,1,0,220,0.0,2
686,11,1.0209326997413644,0.6889924402127373,4.63741528192972,5.8361078588581305,1.197912480756931,1,0,1,230,0.0,4
687,6,0.4002889668625544,1.1155868005143272,1.0515490685623423,1.909194713528592,4.286008252148246,0,0,0,300,0.0,3
688,6,0.8877920808311556,0.5247693827360995,4.704363319152175,3.807953475128276,2.2152651939957755,0,0,0,230,0.0,2
689,11,0.3917460877346887,1.157763708071602,1.8530665384730471,0.8312142598958655,5.159668786708837,1,0,1,300,0.0,1
690,8,1.106362602508947,0.3657139584005322,4.129582960452225,2.0706832343885155,4.319344018060765,0,0,0,260,0.0,1
691,4,0.5577583384125827,0.7913323606501683,0.39966057467829,5.240483560469594,0.920946187161726,1,1,1,210,0.0,2
692,1,0.8909700747745636,0.8008841821091351,1.0023585094983207,3.363910421278051,3.31302293581132,0,0,0,290,0.0,1
693,8,0.8006015539903135,0.7620712248686768,4.0818775882057325,2.0548631447625385,5.77607910712968,1,1,0,240,0.0,1
694,10,1.1384008491035809,1.0335243670843437,2.7948468716440824,1.0556733185053295,3.628888033588432,0,0,0,200,0.0,1
695,4,0.4181956689252228,0.7438693782185483,4.917466297953319,3.2860733839741654,1.561123006373692,1,0,1,270,0.0,1
696,5,1.135834306692079,0.8692676176127588,4.157491664925661,0.4258635758170481,1.503086575202681,0,0,0,220,0.0,2
697,10,0.9986859528941128,0.5230847011693613,1.1379037081058283,4.430699636223242,4.167335536202336,1,1,0,260,0.0,1
698,7,0.9962778907183362,1.0658913139366533,5.5078881678367,4.739123558338965,4.824465391417487,0,0,0,300,0.0,1
699,2,0.4573290736064714,1.007427123817522,3.180513712514903,2.9485746913000126,2.243478844604952,1,0,1,220,0.0,2
700,3,1.0208700493244238,0.9910925155062488,1.8026781848452664,1.724619329434402,0.5369882852752244,0,0,0,280,0.0,1
701,9,0.3269495185037114,0.4301023709359016,4.851025032881787,5.737080784614878,3.198575951733702,1,0,1,200,0.0,1
702,12,1.0397175667922056,0.5834985483311337,0.638547664733269,3.3043737378799283,5.59040842821335,0,0,0,240,0.0,1
703,5,0.4961449572864496,1.101616261983,3.905218680702378,1.366376216070113,3.067585126621611,1,1,0,280,0.0,3
704,5,1.0571323320954846,0.3975569529704725,1.2540254054740023,2.5544986850641025,0.5524474810443789,1,1,0,250,0.0,2
705,12,0.5234604677478626,1.1604223136593423,3.926509593087887,4.757260496415646,4.233062089221567,0,0,1,280,0.0,1
706,9,0.8010476816485088,0.4060275086675223,3.0586930540273776,4.068128522103093,5.547121802508567,1,0,0,270,0.0,1
707,2,0.4785032690930374,0.887838226285328,5.599700057121409,0.6920712995953453,2.508813367002292,0,0,0,200,0.0,1
708,2,0.7511121374437423,0.9020639672127404,5.136437852755917,1.2183766396535662,1.0424293049035036,1,0,0,300,0.0,1
709,7,0.7437936021632209,0.968011295069207,1.7887285232744488,3.588496181210068,3.850975935685889,0,0,0,230,0.0,1
710,10,0.8650446107879047,0.764353711524532,3.3683245264967843,5.297475523502413,5.236029791837083,1,1,0,220,0.0,2
711,5,0.925345418470428,0.375569206637266,0.7312765611199311,2.2530746999901434,2.369912348017748,0,0,1,250,0.0,1
712,4,0.7993763883168695,0.841329258572061,2.20065347416282,4.884748941454528,2.8140730648757097,1,0,0,210,0.0,1
713,10,0.5436239765678001,0.4438229635857108,4.761347140759842,2.9998173598882434,5.621287548895077,0,0,0,270,0.0,2
714,7,1.0603469445146478,0.7700429358638423,0.4443735055169265,5.966202566076644,1.3704017258342114,1,1,0,290,0.0264,3
715,1,0.5864446773545094,0.9005422887364474,3.8784232905180698,4.593001593580535,0.8965509989174645,0,0,1,240,0.0,3
716,4,0.9138068339373104,0.4388995018790467,2.8692285935984616,2.3253120396765223,1.7254769018249303,1,1,0,260,0.0,1
717,8,1.0552627411694964,0.8238844666013821,1.869342699278388,1.5799085465963365,4.808148715419399,0,0,1,210,0.0,1
718,11,1.0852751933496374,0.6373206267695725,5.522793395004555,1.967381549407257,4.386596750902974,1,0,0,230,0.0,1
719,6,0.4138695465473609,0.9747086115841412,2.6045362888308485,5.711462427332335,1.6957920195140512,0,0,0,290,0.0,5
720,6,0.582429453563997,0.3220618172254941,3.052381051344077,0.9616945041417916,4.8200459041194215,0,0,0,220,0.0,1
721,11,0.3695339218866484,0.8792411309676391,0.8574833571253097,3.875426361270764,1.6799291666409912,1,0,0,300,0.0,1
722,8,0.9575675486049476,0.5306361815940844,4.806510202701813,3.3679580501178727,1.5496267659914988,0,1,1,260,0.0,1
723,3,0.6362963567206651,0.9810072565039054,2.156946248822883,2.995482229876619,3.770984769787892,1,0,0,220,0.0,2
724,2,0.9781418567678254,0.7119539982310091,2.883388169986914,2.1136013562705966,5.874096960541257,0,1,1,280,0.0,4
725,8,0.7551013030752652,0.6424374516573058,5.620389983684128,5.479493276204874,3.12865524234977,1,0,0,240,0.0,2
726,10,0.8981202642040073,1.10391795029409,1.045253481347215,3.743802761081626,0.2800093540857072,0,0,0,200,0.0,3
727,4,0.8351974375599704,0.7621602420893986,4.247517503340752,0.8364383122423265,3.194339374654157,1,0,0,280,0.0,1
728,5,0.3743062294479591,0.4626867435938525,5.523532248891677,4.095639726495967,4.263004003003876,0,1,1,210,0.0,1
729,10,1.1249631192333744,0.722937101771193,2.521711018046809,0.4425174384487897,1.1819948880174844,1,0,0,260,0.0,3
730,7,0.9332058972954558,1.0397024997224562,4.492092879580146,2.990850612626891,2.1938329353270496,0,0,0,300,0.0,3
731,2,1.0543534324485984,0.9753797022129964,1.4627937683201226,4.815613019434845,5.096219059398363,1,0,0,230,0.0,1
732,3,0.9005980609772848,0.6368439441475224,0.4976654222247583,5.952572629746658,3.5512514001283644,0,0,0,270,0.0,2
733,9,0.3579003701048711,1.095220251606421,3.841079961280173,1.7212626399066286,0.7253255905242159,1,0,0,200,0.0,4
734,12,1.0977306340750197,0.3283060078096556,1.994642847157152,1.2998256382722202,2.3378098426362643,0,1,1,240,0.0,1
735,6,0.7099564690653211,1.033017945397352,4.348957007379895,3.2687465680528907,5.42946073798074,1,0,0,290,0.0,3
736,5,0.685341285946728,0.8871252859311822,5.302550046461651,2.6533044479846826,4.4419331879149535,0,0,0,250,0.0,2
737,12,0.3479076594328196,0.9478225115962764,1.48261368819183,5.496098791466383,3.7854075715225513,1,1,0,280,0.0,1
738,9,1.0171209658675868,0.7205964061112918,5.563286713626991,3.641675551107777,1.270165574103378,0,0,0,270,0.0,4
739,3,1.05394638444693,0.3895535833507546,2.574845390325338,2.623645688870208,3.752752445121134,1,0,1,200,0.0,1
740,2,0.7042108080909878,0.4942943224250516,1.8900964157823872,0.8107600431040719,5.310159926487976,0,0,0,300,0.0,1
741,7,0.5726259802319404,0.9603150153973752,4.960088521560053,4.038977611857562,2.4280127012285377,1,0,1,230,0.0,5
742,9,0.9286237435708212,0.8636061890351877,0.7955062149273556,5.244044975435745,0.742161201621821,0,0,0,220,0.0,3
743,5,0.7316247247675283,0.9831172452514744,3.0531581708585462,2.743046703012608,2.760470484777075,1,1,0,250,0.0,5
744,4,0.953936898501649,0.3821851978845858,5.226142502929639,4.374979369101539,4.709782063676018,0,0,0,200,0.0,1
745,10,0.5535627008310581,0.8027584236433387,2.923310414682975,2.015783589988247,1.2622011748913071,1,0,1,270,0.0,4
746,8,0.8769413392063979,0.654944857142545,3.530825630579278,1.2622323353528284,1.9761983619679888,0,0,0,290,0.0,1
747,1,0.4505745142908993,0.855252967565853,0.6871071952837273,5.002314686283677,5.206075380619291,1,1,0,240,0.0,1
748,3,0.6416355503603997,0.73617482660742,1.2952136734039603,4.388595595934691,3.2208747605581043,0,0,0,260,0.0,1
749,8,0.9875196435279312,1.0481808164772963,4.138097658759247,0.3718563258647203,0.2358139511869451,1,1,0,210,0.0,1
750,11,1.0120450374023815,0.9792779912041686,2.89361653254269,2.78425200008383,3.323302248219703,0,0,0,230,0.0,2
751,6,1.0240664158548367,0.84247365361257,5.901725202726374,4.667044446905776,5.889098111817326,1,0,1,300,0.0,3
752,6,0.6695147873935233,0.3484911095918087,0.6183864823876534,0.942584657876601,0.500721644757891,1,0,1,230,0.0,3
753,11,0.943979490883523,0.6294743209209394,3.333626013765921,3.8052134300941134,3.2387555737052343,0,0,0,300,0.0,2
754,9,0.7400746156684025,1.131973049107457,1.7282682770717603,5.641874050322559,5.816319153197395,1,0,0,250,0.0,1
755,4,1.069176289094286,1.1260286655768637,4.21051434047882,2.079895282572383,2.6069302444842872,0,1,0,220,0.0,1
756,1,0.9329493755844662,0.3983376034445137,4.269523639008641,1.7558844152615825,1.4398024776370628,1,0,0,280,0.0,1
757,7,0.343494731262203,1.164167628442289,2.9471199192067967,4.942049125819078,4.833738446782341,0,1,0,250,0.0,3
758,10,0.8847647216432154,0.4951572125510272,4.076285226648635,4.337989592541556,4.472769544713695,1,0,1,200,0.0,1
759,4,0.4556943094671867,0.9433434093085517,1.334455706125078,0.7370680102436906,1.4897898789795458,0,0,0,270,0.0,1
760,5,0.9388948512413514,0.911325803800196,3.197992282683933,3.0353833098809644,3.344495566487839,1,0,0,210,0.0,1
761,10,0.5520354516287127,1.089232184777888,5.612863052612796,1.4063900477775595,5.127555787588284,0,1,0,260,0.0,5
762,7,0.7980409494221326,0.3236112746011734,1.4200614571512884,2.2783432650545747,3.2813109735322974,1,0,1,290,0.0,1
763,2,0.6471311961595626,0.7927651858031833,3.9019888667237215,5.845156423621423,0.6747055270961818,0,0,0,240,0.0,3
764,3,0.9539956698649674,0.8499578109535356,4.139324289002259,4.28266784402184,2.578051482958729,1,0,1,260,0.0,1
765,9,0.9727662106570848,0.7202369252484465,0.2345700168681689,3.550049599349673,5.16533002242414,0,0,0,210,0.0,1
766,11,0.7640307346775769,0.7641767604276006,4.7655122153871,0.5083096596076287,3.9476700451344895,1,0,0,240,0.0,1
767,5,0.4352497508132762,1.1086246723358604,2.129623583050312,4.274267528998568,0.8385799722092258,0,1,0,290,0.0,3
768,5,0.8006110202497486,0.5784802909739207,3.1742456097537084,5.25611969673272,5.453639741359824,1,0,0,300,0.0,1
769,11,0.3061073050017582,0.9097166684323236,0.7757427346902901,2.4711322334110446,1.670764526391397,0,0,0,230,0.0,1
770,9,0.8630143941418134,0.2845649025917659,4.775355796192931,0.5675141140024595,0.6628249737628206,1,0,0,220,0.0,1
771,3,0.5680028785668652,1.026204130913432,1.845734622625592,4.045269071210477,3.591041792343801,0,1,1,250,0.0,2
772,2,0.6785766130448936,0.8512856927086997,2.805729064297502,3.628301936993607,5.248994035676071,1,0,0,250,0.0,2
773,7,0.8843170746747558,0.6966565978557769,3.509334088856238,1.433645748483871,2.139908027708852,0,1,1,280,0.0,1
774,10,0.8617403099258681,0.8667570585157861,1.031094725819813,2.260126066393161,0.9100523102939158,1,0,0,270,0.0,1
775,5,0.9112778815193672,0.9837009203356778,4.421044302941809,5.265530183836903,3.958175583874473,0,0,0,200,0.0,1
776,4,0.7674143536202553,0.6638611821532039,4.7254967446509175,1.7315281873382635,3.4680056316850982,1,0,0,260,0.0,2
777,10,0.5644229456520317,0.7125433031091712,2.1772071774082384,4.442247954406476,0.844488840574731,0,1,1,220,0.0,1
778,7,0.7453261762024815,0.8634659852927201,4.093521006529057,4.481654904085741,2.796524770048014,1,0,0,240,0.0,1
779,1,1.0678811530697667,0.6435792988467951,1.4133318489068736,0.3137902182911147,5.751570978550354,0,0,0,290,0.0,1
780,4,1.0706118227313015,0.3098010259530007,0.437133519808569,0.9861043528455136,4.534495822162613,1,0,0,210,0.0,1
781,9,0.4038584036059197,0.9653705943156572,3.657041336876528,3.13997720326134,1.5421283204854042,0,0,0,260,0.0,1
782,11,1.0055062684438307,0.5249911643905889,2.2190794279436954,5.5215892256531625,1.7191642892553902,1,0,0,280,0.0,3
783,6,0.6911236219757477,0.9475441763997856,3.818116241668415,2.259926925969652,2.914118539430873,0,1,1,240,0.0,2
784,6,1.028656955244384,0.4280749497320621,1.0889008982844646,3.741878147777151,1.4343727346937842,0,0,1,280,0.0,3
785,11,0.9547293952852952,0.8629442067956743,4.500995374134292,0.6372727576776355,4.371090546352602,1,1,0,250,0.0,2
786,8,0.8415624062302609,0.583650719454516,2.923606762568724,2.7374936576115294,4.733780587996924,0,0,0,200,0.0,1
787,3,0.3621148469179446,0.926583034761801,5.218209043799974,4.827709005279077,3.477943458416057,1,0,0,280,0.0,1
788,1,0.7913818430301963,0.4725403895947735,6.0,5.840869330356744,0.3252492600624783,0,0,0,220,0.0002,3
789,8,0.780731321219846,0.5027254334584289,2.24819261957656,2.0289511781336005,3.6889654391820206,1,0,0,300,0.0,1
790,10,0.9009801629785356,0.9238132928787433,3.6278619869322575,1.0850379093339677,5.783844466912297,0,0,1,250,0.0,4
791,4,0.9052538364214894,1.0975690141643042,0.6985885660294858,3.949094844040448,3.078229018555668,1,1,0,220,0.0,1
792,5,0.8982362350274864,1.0613078792340105,2.020732272044401,0.5510348584065927,2.20521428671796,0,0,0,270,0.0,5
793,9,0.594614257503808,0.9360768536614804,4.85471530519248,4.2732721958512645,4.942580590764449,1,0,0,200,0.0,1
794,7,0.9390107736288732,0.8547406416348328,0.2794270489684508,5.133508345162366,4.406341825108939,0,0,1,240,0.0,4
795,2,0.834692432760234,0.719896925340109,4.508475374763076,3.2378894386777843,1.110226558337538,1,1,0,290,0.0,1
796,3,0.9154531153455652,0.4640049716562795,3.749016873594251,1.394058519183682,2.3812236404040035,0,0,1,210,0.0,2
797,9,0.3896486220343593,0.8253385978712872,1.4329375503461828,5.726651905307075,5.094440558580978,1,1,0,260,0.0,1
798,12,1.013230565734199,0.4191719389802606,5.650255331511834,2.9495121887867555,3.7459207461506505,0,0,0,300,0.0,5
799,6,0.4773418398174371,1.0164820643362389,1.987959461673472,1.4065894517739823,1.2192360556444124,1,0,0,230,0.0,5
800,6,0.995040299897892,0.7596307673181052,0.7345197221267756,5.293789758729788,1.1819805876601188,0,0,0,300,0.0,5
801,12,0.6614876709530104,0.6380949836834306,4.264424878699902,2.5855326061399886,4.684211985120658,1,0,1,220,0.0,1
802,9,0.4020922997192451,0.6426439376945937,1.698272480198829,1.2577379723920383,5.022838832045003,0,1,0,220,0.0,1
803,3,0.5609103264561269,1.002741464650707,4.776495981848147,3.119762905435081,3.28842285504969,1,0,0,260,0.0,1
804,2,0.8392698547884049,0.6947961967853803,5.194241045889428,4.063035355537833,0.8326544102668453,0,1,0,240,0.0,1
805,7,0.5739289674315362,1.049271867834406,3.205080174387691,0.6427505537681324,3.720469790557075,1,0,0,280,0.0,1
806,10,1.0549950359187517,0.2718447887494096,4.124180897532145,3.400228336464477,5.254440819439344,0,0,0,280,0.0,1
807,5,0.5184691009370745,0.590835111858659,1.2042825834945616,5.105154043415509,2.563302857509608,1,0,1,200,0.0,1
808,4,1.044553423091477,0.3760875736406771,2.9167723035630164,2.362107043360341,1.9292473951593072,0,1,0,260,0.0,1
809,10,0.2807528239219298,1.016030313539691,5.569902094322927,5.709787827176903,4.480720504602402,1,0,0,210,0.0,1
810,8,0.6861194612238082,0.4591712420566928,1.7475870563664917,3.250980508739603,4.532460039657361,0,0,0,230,0.0,2
811,2,0.4501917209023484,0.8324460138294937,4.865314807902422,1.5219961636613653,0.5251341712398382,1,0,1,290,0.0,1
812,3,0.9712229638688664,0.7275882983926929,3.717416910148886,0.3153933802098398,3.078052375104818,0,0,0,210,0.0,3
813,8,0.8904866813948641,0.5136460947695655,0.3692831257622295,4.873336522097603,5.921779642752044,1,0,1,270,0.0,1
814,11,0.6770858428205502,0.8927508716959267,4.728932808155552,4.735369683231551,3.2465959980489014,0,1,0,290,0.0,2
815,6,0.3825022874752247,1.0290545056998974,2.1665619861203007,2.5628517942187106,3.304231730003589,1,0,0,240,0.0,1
816,6,0.9940658900890998,1.109180426892825,4.468524278122895,3.761323521438701,5.611493132384707,1,1,0,280,0.0,1
817,11,0.8377695415220667,0.4362508404992974,1.036235775450738,1.5272879899369598,2.6792515661768848,0,0,0,250,0.0,1
818,8,1.030957596061388,1.0617076192598585,5.444553256697775,2.2955675299389737,0.4089930863349666,1,0,1,200,0.0,2
819,4,0.6678626071710119,0.6320826117606454,2.8304699454550586,5.371518224196328,3.4563749173351863,0,0,0,270,0.0,1
820,1,0.9401092680705536,0.3027149770770388,2.07740487057615,4.370281251744096,4.781134355064939,1,0,1,230,0.0,1
821,7,0.6009399570586591,0.8011441930232113,4.876302463523629,2.626034302544948,1.8657844550935647,0,0,0,300,0.0,1
822,10,0.9479116658386424,0.5113713287600656,0.8573321093888493,0.8225231854050116,1.6171484377190566,1,1,0,250,0.0,2
823,4,0.286622330265409,1.10942182444555,3.212224847953034,3.929708870207848,4.522349176803317,0,0,0,220,0.0,2
824,5,0.8170529876203855,0.5344332320523302,4.769411865165058,1.2193418679387191,3.666383970703834,1,0,1,270,0.0,1
825,10,0.5657048678286658,0.7617034044063277,2.4224659724656896,3.403112863544997,0.7506515209815442,0,0,0,210,0.0,6
826,7,0.935736640794186,0.6389077128090532,4.277283274418573,5.638710883333866,3.0287427467400105,1,1,0,240,0.0,3
827,2,0.5727175119618901,0.6559030022736236,2.360097407913372,5.983504831694482,4.020327669805291,0,0,0,290,0.008,3
828,2,0.8678219488099732,0.9137483765384352,1.5157736949055165,3.094697682886717,3.840767744213489,1,1,0,210,0.0,1
829,9,0.3576812226452608,1.015077421003444,3.5670100817024863,4.241208492621628,2.686789348236527,0,0,0,260,0.0,1
830,12,0.9671400144428652,0.743399935416734,2.480622532838096,2.082758636874139,3.1695001385389494,1,0,1,290,0.0,1
831,5,1.01774386265381,0.3193443402367288,5.437511892109331,1.323092029896602,4.778221849489929,0,0,0,230,0.0,2
832,5,0.967272990828365,0.8875515048983794,2.43396745797481,2.369073296160265,4.4840638651876885,0,0,0,300,0.0,1
833,12,0.8334992720603005,0.7369151685747478,5.1629622265746535,5.122365125963891,1.7496308092647113,1,0,0,230,0.0,1
834,9,0.7193055750882316,0.914726250898264,0.6557330157775909,3.648014950504198,2.0189903846187978,0,0,1,210,0.0,1
835,3,0.5136541875571987,0.6463996881698354,3.4209353438484045,1.2602378910595105,4.616585716633219,1,1,0,260,0.0,4
836,2,0.6735215202766819,0.4332469839932419,4.093094673778786,0.8473550894403874,3.328990414258711,0,0,1,240,0.0,1
837,7,0.3673320219318429,1.006822396001645,1.4838803707156598,4.02259610705831,0.8855899961788554,1,1,0,290,0.0,2
838,10,0.9754047607430096,0.5028028476248843,5.759896317875385,4.300508549053474,2.96370436912524,0,0,0,270,0.0,2
839,5,0.3963183684676835,0.9394221071804524,2.6394638534891897,2.8615663232152326,2.3445578810235954,1,0,0,200,0.0,4
840,4,0.787528548149119,0.5310719748198361,0.9496642670112412,5.7569835168438805,4.992305228178786,0,0,1,260,0.0,1
841,10,0.3879054372647735,1.0364590796327668,3.984936609942706,1.82299147637988,1.82207659672191,1,1,0,220,0.0,2
842,7,1.1289560347146217,0.4552140199465851,2.822169524598443,1.3812012581742832,0.9305084530709636,0,0,0,220,0.0,1
843,1,1.001926444972022,0.9791811219034195,5.460428642263009,2.826647003066004,4.902846903664995,1,0,0,300,0.0,1
844,4,1.0266606576719126,0.9725418146708694,4.157834063272831,4.512755108102228,4.720621002942476,0,0,0,200,0.0,1
845,8,0.6076247156821024,0.7128853988068474,1.3778651935570547,0.553421318136474,2.6344318530199864,1,0,0,280,0.0,3
846,11,0.853795224618302,0.8202792082118672,3.348318456548527,2.804137463140189,0.6356006663010436,0,0,1,280,0.0,2
847,6,0.6773187512334411,1.098141391784473,0.929507337397142,4.921296966361146,3.512614509404677,1,1,0,240,0.0,1
848,6,0.9155550528520052,1.160436807811058,5.695995842390845,1.052313198495159,2.442941415160948,1,0,0,290,0.0,6
849,11,0.8864715907248563,1.1243440259421198,2.7628449348043245,3.762942817451212,5.464283659118482,0,1,1,240,0.0,1
850,8,0.7256857923939198,0.3992315451533714,3.963859210994534,5.360172029599997,3.918588042360617,1,0,0,210,0.0,1
851,3,0.8475529358620173,1.0297092119602955,1.6684910705390723,2.126404172494491,0.7685195185093888,0,0,0,270,0.0,1
852,1,1.1252626335325853,0.3645374941435445,0.7149333707386463,0.948584797925399,2.4928575940524427,1,0,0,230,0.0,3
853,8,0.6645163682071348,0.9698696953351869,4.019328696726254,5.226091825544366,5.070996291563721,0,0,0,290,0.0,1
854,10,1.135341825072443,0.5282524013431397,2.28624943524224,3.5389791450827968,4.308294226792149,1,0,0,260,0.0,2
855,4,0.5528232269953469,1.087458153593286,4.45056221813819,0.9158031027730628,1.5554719435322348,0,1,1,210,0.0,1
856,4,1.1459374210234736,0.3188315966963737,3.348154321615168,3.475284602697868,0.2483448244187871,1,0,0,270,0.0,4
857,9,0.998520201295495,1.1327427227988858,0.6808876047466724,1.3034679809381584,3.265784506653158,0,0,0,200,0.0,1
858,7,1.0387712479956177,0.6564105185517881,5.047533253744873,1.745324350309308,5.850072717768461,1,0,0,250,0.0,5
859,2,0.3124181260342882,0.9211114007010628,1.584585276960126,5.727274691811116,3.199045482754748,0,1,1,280,0.0,1
860,3,0.8205838483445927,0.8446987526511737,3.2085034103360246,4.608757504537465,1.5119951225549653,1,0,0,220,0.0,2
861,9,0.8791190984260542,0.7192376827068606,5.243734998677677,2.77235456138456,4.32019357870505,0,1,1,250,0.0,1
862,12,0.3419328721224088,1.0616261916038838,1.2414252515736584,0.4622361505525857,4.807873712589939,1,0,0,300,0.0,2
863,6,0.7866581926133458,0.8939580668599469,3.8267424172000055,4.193672951726182,1.8506167370960327,0,0,0,230,0.0,1
864,6,1.0088382585726998,0.5111102672385469,4.696087193054383,3.262310560647866,2.931860114436115,1,0,1,290,0.0,1
865,12,0.3738943915196103,0.5994263153415671,1.957919633815821,5.095829300968872,5.869245927105413,0,0,0,230,0.0,2
866,9,0.9169295335772786,0.5038137206043395,4.214927167724502,4.062626690896618,3.386910430558509,1,1,0,210,0.0,3
867,3,0.5474220438647396,0.285808966126296,0.2385131117764035,0.602544747483988,0.2338763618151888,0,0,0,260,0.0,1
868,2,0.8617221189168996,0.8188448982174106,1.4522877386734092,1.159623029552303,1.872956387428565,1,1,0,240,0.0,2
869,7,1.112554066467348,0.5701771626409057,3.97716672204026,3.668565833529994,4.833426542890483,0,0,0,290,0.0,2
870,9,0.7632277215829416,0.8384451976891234,2.673630731640703,5.4595528736139975,4.27463896858537,1,0,1,270,0.0,1
871,5,0.4976612691531639,1.0571983147539163,4.99682130901306,2.1129570048620034,1.2103500637281956,0,0,0,210,0.0,2
872,4,0.9815407941247988,0.7047823633385851,3.888499032370437,4.4754971563676085,0.96428529103503,1,1,0,250,0.0,1
873,11,0.8631961656885927,0.7325153239253976,1.145786104987429,2.8221140025881453,3.73844236093497,0,0,0,220,0.0,1
874,8,0.6018694863953569,0.7607812886995874,4.171199338198975,1.122936274516104,3.913932033055607,1,0,1,230,0.0,1
875,1,0.6972884049625825,0.6512534246728535,3.3606497745975923,4.924038730337462,2.330211802021708,0,0,0,300,0.0,1
876,3,0.8973664644420829,0.5505696855941872,1.972645897615828,3.353750275510439,1.015720443262421,1,0,1,200,0.0,3
877,8,0.2850464489172225,1.1336880365268722,4.876089875148511,1.502198837785725,5.010633330120899,0,0,0,270,0.0,1
878,11,0.7149611715654292,0.3799836444604054,0.6324520079382312,1.9804990106514595,5.115579244717308,1,1,0,280,0.0,2
879,6,0.5699431973723322,0.842111655412858,3.3787319984979494,5.699251897183482,2.011648988069873,0,0,0,250,0.0,1
880,6,0.4837350419751783,0.5648295598244538,2.517558518113636,0.6470252936947581,3.9795798764992174,0,1,0,290,0.0,3
881,11,0.5761043536562519,0.8597648630415418,5.774452472487845,3.8855660110962313,1.025992767736868,1,0,0,240,0.0,2
882,8,1.0704966351170395,0.4835987872860956,1.4174580753374555,3.668059292790352,2.400403156812497,0,0,0,200,0.0,2
883,3,0.3301285183111196,0.8640493080721359,4.091276180617717,2.721586511648593,3.8460392979309743,1,0,1,270,0.0,1
884,1,0.4495525305036236,0.8469484518835747,4.384247237851927,2.350124284119542,3.7784010835745856,0,0,0,230,0.0,1
885,7,0.3620881680064847,0.4029964109599862,0.4871722420059552,5.621874097839312,0.8552908364476384,1,0,1,300,0.0,3
886,10,0.9148014218283528,0.6779030738221001,4.51108731577478,3.919903936166605,2.541971062387048,0,1,0,260,0.0,1
887,4,0.859134054820668,0.4550087010793576,1.9962952941538952,1.84035289141693,5.0351246532463385,1,0,0,210,0.0,1
888,5,0.7904788498450808,0.6454439990975365,0.8376012840238125,4.294449972835893,4.696797342154881,0,0,0,270,0.0,1
889,10,0.8565010975044404,0.5038690983114663,3.288870134367809,0.5645093425213851,1.7668817542028896,1,0,1,200,0.0,5
890,7,1.0054556930967722,0.899427976593171,1.8683181352792144,3.0493415550141934,1.6035608711716578,0,1,0,250,0.0,6
891,2,0.872707616376052,0.8653066903782914,5.101496857402848,4.577793553199824,4.452406405435821,1,0,0,280,0.0,1
892,3,0.8427296953250969,0.2956574121446529,5.392396776664635,5.385443567861603,5.618470100418876,0,1,0,220,0.0,1
893,9,0.4252259354156952,0.847525577007987,3.797654324163735,1.7049086701642238,3.688032364702703,1,0,0,250,0.0,4
894,11,1.0013068672534862,1.0133788594658797,4.245062831100867,1.3566483554297628,0.3651148478514343,0,0,0,300,0.0,1
895,5,0.4365041965336835,1.1089939010356005,1.1304222826782533,3.513089202587865,3.4283073874811523,1,0,1,230,0.0,1
896,5,0.9540597321775134,0.2973501357072131,4.61515881124575,1.1192727485496283,2.1969164822003697,0,0,0,220,0.0,1
897,11,0.4785882954046483,0.8226170393941462,1.3139301242040489,3.5389733353291017,5.048501973382432,1,0,0,260,0.0,1
898,9,0.8895136195261429,0.7172017300626463,5.7851874221829735,5.324865705351266,4.063104100358275,0,0,0,290,0.0,1
899,3,0.2817201399706013,1.1507746811094282,2.412404783143371,2.318072797058308,0.8106607078364525,1,1,1,240,0.0,1
900,2,1.0057359692547605,1.0080388972815828,2.6997267246505023,2.769024974872553,2.465521893858635,0,0,0,260,0.0,4
901,7,0.9297160109167452,0.9546624691881992,4.547082206530408,4.983816708689717,5.281941732623719,1,1,1,210,0.0,1
902,10,0.8700572077611316,0.9012890914343128,0.4291529241625119,4.037210503297307,3.608059449740775,0,0,0,240,0.0,1
903,5,0.724649122053476,0.5649473979516024,3.624475934229933,0.6921772333405319,0.8667199012562344,1,0,0,290,0.0,1
904,4,0.8695282788152535,1.008628189650257,4.975575998865638,3.4956345715314385,1.1370727901443167,0,0,0,230,0.0,1
905,10,1.0377184932825487,0.8036990511633637,1.9144312033298945,1.5258329567833255,4.333631349626304,1,1,1,300,0.0,1
906,7,0.9479338451803634,0.7829871647414501,3.188451274617914,1.7455812353658091,4.925288925704332,0,0,0,250,0.0,2
907,1,0.6465236488951966,0.8716518211667593,0.6208931721321472,4.424578340156289,4.232171510966504,1,0,0,220,0.0,1
908,3,0.9957349029565626,0.91860044515293,1.0761617710083504,4.802928375090961,0.3336704561041248,0,0,0,280,0.0,2
909,8,0.5378756194018677,0.8815100055223805,4.428755786944256,2.5864405780542343,3.8250084847986754,1,0,0,250,0.0,1
910,11,1.1511689504317757,0.2879623760956015,2.743496389619791,0.508662523507769,5.827401326716796,0,0,0,200,0.0,1
911,6,0.4679296918407229,0.8504359882732069,5.522021866403846,4.458993079533737,2.6065507423382868,1,1,1,270,0.0,1
912,6,0.6388872919825263,0.389136264379756,0.364933841940862,3.346817992443006,3.439570354010474,1,0,1,200,0.0,2
913,11,0.454770303703784,1.048961036633681,3.61721795752014,5.4024965115107255,0.625445451977316,0,1,0,270,0.0,1
914,8,1.0202632429792289,0.495602414506112,2.1793560393773768,2.937475416363092,2.9340127857180915,1,0,0,290,0.0,1
915,3,0.6507493497737823,0.8057600962734117,5.074908771781189,1.0607805816959677,5.832778769284009,0,0,0,240,0.0,3
916,1,0.9229565080688972,0.7826498638631135,5.43022666690328,3.233097398480549,2.130197629454103,1,0,0,260,0.0,1
917,8,0.4645614690826132,0.6876955272440832,2.5237647159510184,3.652188149125797,2.417702348666531,0,0,0,210,0.0,1
918,11,0.7924706280437439,0.659190289121728,5.074331813434321,4.521740155135447,2.3875470332086195,1,0,1,230,0.0,1
919,4,1.0088594723143782,0.5207486654167229,1.8694643890706697,2.524589052737676,5.204468151554305,0,1,0,300,0.0,1
920,5,1.1014395310565632,1.0169139514471448,2.9361293843489893,5.88466358654691,5.484708653248365,1,0,0,250,0.0,1
921,9,1.043795657980924,0.4110767901695466,5.289094653364351,1.209110791512484,2.5779938367555792,0,0,0,280,0.0,1
922,7,0.7103818069438054,1.0010363205859754,1.1016693610536712,1.343308652391138,0.6526307179779273,1,0,1,280,0.0,1
923,2,0.5235982899295774,0.8080621488914195,4.549970199249584,3.6633665802952735,3.232640575660023,0,1,0,200,0.0,1
924,3,0.8676015288776724,0.4061771171876447,3.557538203783382,3.9716729987283608,5.370934393103283,1,0,1,300,0.0,1
925,9,0.5616627671049415,0.8456971676585313,0.6335228315386668,0.3825477334991953,2.3329251882620823,0,1,0,220,0.0,4
926,12,1.143904692322959,0.4929576273600417,4.990021921476087,2.3914157525715707,1.0832504684239328,1,0,0,220,0.0,1
927,6,0.5034616477169889,0.8935509557722808,1.7197862066225096,4.794050137967471,3.891377755795927,0,0,0,260,0.0,1
928,6,0.41735736657585,0.7473281915438071,1.5949652421908995,0.5794969002495793,3.495861539270557,1,0,0,210,0.0,1
929,12,0.2914907550719122,1.0044983345266234,3.9012822128340585,4.197553618282454,1.028226213187748,0,0,1,260,0.0,1
930,9,0.9912634733063582,0.8245083261944314,2.8497906534155657,5.035876500954939,2.905821532805544,1,1,0,300,0.0,1
931,3,0.9285079977839648,0.7148986631314795,5.45187621962067,2.443278348675016,5.308289452327105,0,0,0,230,0.0,1
932,2,1.0170470063378212,0.2992690924118882,4.868892714998519,1.749696945221206,4.043076493307345,1,1,0,270,0.0,1
933,7,0.6397209346548568,0.5985901055618268,2.1275421242679338,5.368820985688657,1.0055436798378687,0,0,0,200,0.0,1
934,9,0.7344681052912385,0.8491570153190021,3.2820081614638608,2.1053436397119105,3.676167101808096,1,0,0,240,0.0,2
935,5,0.2919686181791845,1.1052950479559878,0.5823519268380308,1.085679938739296,3.075481468619711,0,0,1,290,0.0,1
936,4,1.020112757179283,0.6620442794326508,1.753295258942913,4.364472022316383,5.6023443931010775,1,1,0,220,0.0,1
937,10,0.3811431828402843,1.0139509805028897,5.480643504553982,0.314938896759017,2.7108011346479035,0,0,0,300,0.0,1
938,8,1.030246085001281,0.6495919588266802,0.7037584170619138,3.037272138994876,0.4726636929095726,1,0,0,260,0.0,4
939,2,0.3217663225113037,0.7642180891716079,3.5688062972106684,5.044824729175096,2.405648227477264,0,0,1,220,0.0,1
940,3,0.7086923349391581,0.9723612953018004,4.49129300059097,5.947649834908217,4.872355447984297,1,0,0,280,0.0,1
941,8,0.5737886558840793,0.5487414333387103,3.488070302153281,1.9065289000804029,0.9378160523957952,0,0,1,240,0.0,2
942,11,0.704172442879517,0.5641298871188156,4.315637864640227,1.7094788349372352,1.5837085297450857,1,1,0,200,0.0,1
943,6,0.8788031373515248,0.455841716330308,3.4580275640038542,2.847447005410531,4.933513833098114,0,0,0,280,0.0,4
944,6,0.8245562793848338,0.815107062627607,4.728669716757727,2.853554521975354,1.960879478923892,0,1,0,210,0.0,2
945,11,0.7434498568426596,0.8333621387765034,0.539465069996107,4.959595614382372,4.772689310642027,1,0,0,270,0.0,4
946,8,0.7905493139742166,0.9171471014733844,5.024323148353896,4.0960957523910135,4.472522579012916,0,0,1,290,0.0,2
947,4,0.938956968224382,0.4630279411576712,2.5949446155323304,0.7869214215076579,1.474863275377897,1,0,0,240,0.0,3
948,1,0.8209895889934467,0.5098345929437421,3.2173660625044467,0.3372592765271006,3.215876940313536,0,0,1,260,0.0,1
949,7,0.2582159025209649,0.9289964715045014,5.825531716029493,3.769137146699731,5.151229031395999,1,0,0,210,0.0,4
950,10,0.4323606870819206,0.3047396814079133,2.4689099845715905,0.2117442111027066,4.785881276772106,0,1,0,230,0.0008,3
951,4,0.5657621805014222,0.9531089673913368,3.1091163470671983,1.9788317078123647,1.1106369088733563,1,0,0,290,0.0,5
952,5,0.7395785604301899,0.478608105517947,5.7526766627090025,4.601538996182177,1.2791738628055822,0,0,1,250,0.0,5
953,10,0.5440634313171512,0.9581521351119164,3.058319480907413,3.401195295114689,3.025103512041856,1,0,0,280,0.0,3
954,7,0.7008496011980699,0.5519933357504823,3.878612595427744,0.9608288332023808,4.523248821879356,0,1,0,270,0.0,3
955,2,0.5898833714190338,0.8379508921982562,1.1082668708704888,4.206655691727208,2.273295503128024,1,0,0,200,0.0,1
956,3,1.0095069340054237,0.492383296303002,0.9125086646850922,3.3168021866339683,0.7706223275348275,0,1,0,300,0.0,1
957,9,0.911968083972213,0.2950827331201644,3.0911004737324888,1.3742535967101763,3.733042452618385,1,0,0,230,0.0,1
958,12,0.6649637049467109,0.7664492022506486,4.19494444307939,3.788040067038954,3.872328602950614,0,0,1,220,0.0,1
959,5,0.3366358675657986,0.7489925974255446,4.927573927764417,5.83222254432988,2.440617185879243,1,0,0,250,0.0,2
960,5,0.7507454050616132,1.1080611187896887,3.131927438670812,4.273214834492602,0.3652124082676588,1,0,0,220,0.0,3
961,12,0.5838763194600122,0.6909932477515363,5.539472525540144,0.6561659913562,3.17589909224989,0,0,0,260,0.0,1
962,9,0.9831102771996416,0.8347787831321483,1.045782166241751,2.373181552621132,5.855767065769061,1,0,1,300,0.0,1
963,2,0.9095369344804726,0.4756906800960653,4.32186105066775,5.119621504608838,3.070144266522649,0,1,0,220,0.0,6
964,2,1.0721902331976023,0.3654195259853414,3.0688163994107005,4.986687651558892,1.2938491646393264,1,0,1,280,0.0,1
965,7,0.3621762094227249,0.7746317624016971,0.78109750268577,2.333273366538912,2.250702881162145,0,1,0,200,0.0,1
966,10,0.9995209956074568,0.4439649843834488,4.908088616280687,1.294711847494135,4.829580859392545,1,0,0,240,0.0,1
967,5,0.2660190598407392,0.5368499884636247,2.028297432697439,3.6478332149709023,0.5706069670191639,0,0,0,280,0.0,1
969,10,0.986933001140702,1.0722337289941877,3.452440352743773,4.38329831773256,5.3256937404450015,0,1,0,300,0.0,3
970,7,0.8690976443347945,0.5793496412889552,2.53471197935182,4.75735440522669,3.926081967058913,1,0,0,260,0.0,2
971,1,0.3510844637002436,1.0543851339997534,4.592214645795105,2.417709245668734,4.664337249335269,0,0,0,210,0.0,1
972,4,0.9418066904679248,0.944923722892934,4.062235538811893,1.984412068560384,2.034111314091864,1,0,0,290,0.0,1
973,8,0.6589390184994918,0.7459258238605442,2.2719617098716283,5.340282248971639,4.835762427216615,0,0,0,240,0.0,1
974,11,0.560760737033693,0.6097598392006476,4.251651382449495,3.2710462567678285,4.082231253306103,1,0,1,200,0.0,1
975,6,0.594448559935861,0.793921479316865,1.205789799100379,1.6566238060456513,1.3253745372868322,0,1,0,270,0.0,2
976,6,0.80715248925476,0.5348180084891045,5.329341159483904,5.042697451154806,5.253701197040185,0,0,0,200,0.0,1
977,11,0.8817413304107874,0.7282732458003408,2.1610732179254315,2.907813255203942,2.2656472452538337,1,1,1,270,0.0,2
978,8,0.967380328263148,1.0796224842819342,3.274610405205081,0.7796652077617486,0.9446756367026492,0,0,0,280,0.0,1
979,3,0.6083580652339922,1.0087105998433532,0.7230440166427495,4.033230166039004,3.932683294809969,1,0,0,250,0.0,3
980,2,0.7054755685336502,0.2756189169109095,1.3479475156497012,3.7932602789527854,5.710025805061914,0,0,0,250,0.0,1
981,8,0.4852849541659584,1.0283234012355065,5.017971673296499,0.9364854284637776,2.0624561221385007,1,0,0,220,0.0,1
982,10,1.042197191685253,0.7264256791889948,3.0758314354631544,2.1159449730889324,0.5964066967356457,0,0,0,230,0.0,4
983,4,0.3883350542298402,0.5352690726077931,5.244413671304692,5.472738404301648,3.5989444262606325,1,1,1,300,0.0,1
984,5,0.5919286374541283,0.4925575634605655,3.978901735249756,2.939218758827714,4.518002460021077,0,0,0,240,0.0,1
985,10,0.2984014391198796,1.065853586753805,1.7030073895536932,4.699109014706192,2.6316652701323955,1,0,0,290,0.0,1
986,7,1.1744395660130973,0.2551916735849929,5.497557218176283,2.7731884313900497,1.7467472640852113,0,0,0,270,0.0,6
987,2,0.3823883792653669,0.8430910179569707,2.8774284272303303,0.4866870595129542,4.617013225758548,1,1,1,210,0.0,3
988,3,0.5498364275777903,0.9165608712059096,2.4165197937614167,1.4062646668635408,3.743840958110112,0,0,0,290,0.0,1
989,9,0.7140039965931174,0.731540118356981,4.692940630036536,3.282583027576895,0.5282626611583561,1,1,1,230,0.0,1
990,12,0.8724475101748077,1.1149923863639415,0.4059348670631778,5.822060926283899,3.1160215115447785,0,0,0,210,0.0,1
991,6,0.5086396801064197,0.5206212155704399,3.841654396472864,1.7733715748176595,5.925143306670897,1,0,0,260,0.0,1
992,6,0.7811758311861839,0.3933204871685213,5.450655947059721,3.560169935186847,4.695051430820053,0,0,1,220,0.0,1
993,12,0.634687597075861,1.115778926077966,3.1842912115662343,1.234618224921482,1.6170446519963493,1,0,0,250,0.0,1
994,9,1.0701152545982813,0.6228627106660118,4.644642620615362,2.382522643254932,1.4774124863325175,0,1,0,300,0.0,1
995,3,0.3949391241873399,0.8202021260091604,1.2619200646342612,5.461332517494692,4.646874475971599,1,0,0,230,0.0,1
996,2,0.8350711799343019,0.9844784641890116,0.507569889309744,5.135498060853285,5.02364763992448,0,1,0,270,0.0,1
997,7,0.4539773173278942,1.068228281076711,3.3463373737841424,2.4432011504080435,3.05462425083057,1,0,0,200,0.0,5
998,9,0.7455730137124071,0.5165135399470595,1.7336014317552806,0.6748426691852518,0.5459244227949889,0,0,1,250,0.0,1
999,5,0.9048257468785196,0.5818760338188537,4.705139728901631,4.536993804518317,2.9965364202486784,1,0,0,280,0.0,1
